type,id,topicId,text_de,text_en,answer0_de,answer0_en,answer1_de,answer1_en,answer2_de,answer2_en,answer3_de,answer3_en,explanation_de,explanation_en
general,"Q001","democracy","In Deutschland dürfen Menschen offen etwas gegen die Regierung sagen, weil …","In Deutschland dürfen Menschen offen etwas gegen die Regierung sagen, weil …","hier Religionsfreiheit gilt.","hier Religionsfreiheit gilt.","die Menschen Steuern zahlen.","die Menschen Steuern zahlen.","die Menschen das Wahlrecht haben.","die Menschen das Wahlrecht haben.","hier Meinungsfreiheit gilt.","hier Meinungsfreiheit gilt.","Die Meinungsfreiheit ist als Grundrecht im Grundgesetz verankert.","Die Meinungsfreiheit ist als Grundrecht im Grundgesetz verankert."
general,"Q002","people_society","In Deutschland können Eltern bis zum 14. Lebensjahr ihres Kindes entscheiden, ob es in der Schule am …","In Deutschland können Eltern bis zum 14. Lebensjahr ihres Kindes entscheiden, ob es in der Schule am …","Geschichtsunterricht teilnimmt.","Geschichtsunterricht teilnimmt.","Religionsunterricht teilnimmt.","Religionsunterricht teilnimmt.","Politikunterricht teilnimmt.","Politikunterricht teilnimmt.","Sprachunterricht teilnimmt.","Sprachunterricht teilnimmt.","Die Teilnahme am Religionsunterricht ist bis 14 vor allem Entscheidung der Eltern.","Die Teilnahme am Religionsunterricht ist bis 14 vor allem Entscheidung der Eltern."
general,"Q003","democracy","Deutschland ist ein Rechtsstaat. Was ist damit gemeint?","Deutschland ist ein Rechtsstaat. Was ist damit gemeint?","Alle Einwohnerinnen/Einwohner und der Staat müssen sich an die Gesetze halten.","Alle Einwohnerinnen/Einwohner und der Staat müssen sich an die Gesetze halten.","Der Staat muss sich nicht an die Gesetze halten.","Der Staat muss sich nicht an die Gesetze halten.","Nur Deutsche müssen die Gesetze befolgen.","Nur Deutsche müssen die Gesetze befolgen.","Die Gerichte machen die Gesetze.","Die Gerichte machen die Gesetze.","Im Rechtsstaat sind Staat und Bürger an Recht und Gesetz gebunden.","Im Rechtsstaat sind Staat und Bürger an Recht und Gesetz gebunden."
general,"Q004","democracy","Welches Recht gehört zu den Grundrechten in Deutschland?","Welches Recht gehört zu den Grundrechten in Deutschland?","Waffenbesitz","Waffenbesitz","Faustrecht","Faustrecht","Meinungsfreiheit","Meinungsfreiheit","Selbstjustiz","Selbstjustiz","Meinungsfreiheit ist ein im Grundgesetz garantiertes Grundrecht.","Meinungsfreiheit ist ein im Grundgesetz garantiertes Grundrecht."
general,"Q005","democracy","Wahlen in Deutschland sind frei. Was bedeutet das?","Wahlen in Deutschland sind frei. Was bedeutet das?","Man darf Geld annehmen, wenn man dafür eine bestimmte Kandidatin/einen bestimmten Kandidaten wählt.","Man darf Geld annehmen, wenn man dafür eine bestimmte Kandidatin/einen bestimmten Kandidaten wählt.","Nur Personen, die noch nie im Gefängnis waren, dürfen wählen.","Nur Personen, die noch nie im Gefängnis waren, dürfen wählen.","Die Wählerin/der Wähler darf bei der Wahl weder beeinflusst noch zu einer bestimmten Stimmabgabe gezwungen werden und keine Nachteile durch die Wahl haben.","Die Wählerin/der Wähler darf bei der Wahl weder beeinflusst noch zu einer bestimmten Stimmabgabe gezwungen werden und keine Nachteile durch die Wahl haben.","Alle wahlberechtigten Personen müssen wählen.","Alle wahlberechtigten Personen müssen wählen.","Freiheit der Wahl bedeutet Entscheidung ohne Zwang oder unzulässige Einflussnahme.","Freiheit der Wahl bedeutet Entscheidung ohne Zwang oder unzulässige Einflussnahme."
general,"Q006","democracy","Wie heißt die deutsche Verfassung?","Wie heißt die deutsche Verfassung?","Volksgesetz","Volksgesetz","Bundesgesetz","Bundesgesetz","Deutsches Gesetz","Deutsches Gesetz","Grundgesetz","Grundgesetz","Die Verfassung Deutschlands heißt Grundgesetz (GG).","Die Verfassung Deutschlands heißt Grundgesetz (GG)."
general,"Q007","democracy","Welches Recht gehört zu den Grundrechten, die nach der deutschen Verfassung garantiert werden? Das Recht auf …","Welches Recht gehört zu den Grundrechten, die nach der deutschen Verfassung garantiert werden? Das Recht auf …","Glaubens- und Gewissensfreiheit","Glaubens- und Gewissensfreiheit","Unterhaltung","Unterhaltung","Arbeit","Arbeit","Wohnung","Wohnung","Die Glaubens- und Gewissensfreiheit ist im Grundgesetz geschützt.","Die Glaubens- und Gewissensfreiheit ist im Grundgesetz geschützt."
general,"Q008","democracy","Was steht nicht im Grundgesetz von Deutschland?","Was steht nicht im Grundgesetz von Deutschland?","Die Würde des Menschen ist unantastbar.","Die Würde des Menschen ist unantastbar.","Alle sollen gleich viel Geld haben.","Alle sollen gleich viel Geld haben.","Jeder Mensch darf seine Meinung sagen.","Jeder Mensch darf seine Meinung sagen.","Alle sind vor dem Gesetz gleich.","Alle sind vor dem Gesetz gleich.","Gleiches Einkommen ist kein verfassungsrechtlicher Grundsatz.","Gleiches Einkommen ist kein verfassungsrechtlicher Grundsatz."
general,"Q009","democracy","Welches Grundrecht gilt in Deutschland nur für Ausländerinnen/Ausländer? Das Grundrecht auf …","Welches Grundrecht gilt in Deutschland nur für Ausländerinnen/Ausländer? Das Grundrecht auf …","Schutz der Familie","Schutz der Familie","Menschenwürde","Menschenwürde","Asyl","Asyl","Meinungsfreiheit","Meinungsfreiheit","Das Grundrecht auf Asyl richtet sich ausdrücklich an politisch Verfolgte aus dem Ausland.","Das Grundrecht auf Asyl richtet sich ausdrücklich an politisch Verfolgte aus dem Ausland."
general,"Q010","people_society","Was ist mit dem deutschen Grundgesetz vereinbar?","Was ist mit dem deutschen Grundgesetz vereinbar?","die Prügelstrafe","die Prügelstrafe","die Folter","die Folter","die Todesstrafe","die Todesstrafe","die Geldstrafe","die Geldstrafe","Körperliche Züchtigung, Folter und Todesstrafe sind verboten; Geldstrafe ist zulässig.","Körperliche Züchtigung, Folter und Todesstrafe sind verboten; Geldstrafe ist zulässig."
general,"Q011","democracy","Wie wird die Verfassung der Bundesrepublik Deutschland genannt?","Wie wird die Verfassung der Bundesrepublik Deutschland genannt?","Grundgesetz","Grundgesetz","Bundesverfassung","Bundesverfassung","Gesetzbuch","Gesetzbuch","Verfassungsvertrag","Verfassungsvertrag","Offizieller Name der Verfassung ist Grundgesetz.","Offizieller Name der Verfassung ist Grundgesetz."
general,"Q012","democracy","Eine Partei im Deutschen Bundestag will die Pressefreiheit abschaffen. Ist das möglich?","Eine Partei im Deutschen Bundestag will die Pressefreiheit abschaffen. Ist das möglich?","Ja, wenn mehr als die Hälfte der Abgeordneten im Bundestag dafür sind.","Ja, wenn mehr als die Hälfte der Abgeordneten im Bundestag dafür sind.","Ja, aber dazu müssen zwei Drittel der Abgeordneten im Bundestag dafür sein.","Ja, aber dazu müssen zwei Drittel der Abgeordneten im Bundestag dafür sein.","Nein, denn die Pressefreiheit ist ein Grundrecht. Sie kann nicht abgeschafft werden.","Nein, denn die Pressefreiheit ist ein Grundrecht. Sie kann nicht abgeschafft werden.","Nein, denn nur der Bundesrat kann die Pressefreiheit abschaffen.","Nein, denn nur der Bundesrat kann die Pressefreiheit abschaffen.","Als Grundrecht ist die Pressefreiheit verfassungsrechtlich geschützt.","Als Grundrecht ist die Pressefreiheit verfassungsrechtlich geschützt."
general,"Q013","democracy","Im Parlament steht der Begriff ""Opposition"" für …","Im Parlament steht der Begriff ""Opposition"" für …","die regierenden Parteien.","die regierenden Parteien.","die Fraktion mit den meisten Abgeordneten.","die Fraktion mit den meisten Abgeordneten.","alle Parteien, die bei der letzten Wahl die 5%-Hürde erreichen konnten.","alle Parteien, die bei der letzten Wahl die 5%-Hürde erreichen konnten.","alle Abgeordneten, die nicht zu der Regierungspartei/den Regierungsparteien gehören.","alle Abgeordneten, die nicht zu der Regierungspartei/den Regierungsparteien gehören.","Die Opposition besteht aus allen Parteien, die nicht in der Regierung sind.","Die Opposition besteht aus allen Parteien, die nicht in der Regierung sind."
general,"Q014","democracy","Meinungsfreiheit in Deutschland heißt, dass ich …","Meinungsfreiheit in Deutschland heißt, dass ich …","Passanten auf der Straße beschimpfen darf.","Passanten auf der Straße beschimpfen darf.","meine Meinung im Internet äußern kann.","meine Meinung im Internet äußern kann.","Nazi-, Hamas- oder Islamischer Staat-Symbole öffentlich tragen darf.","Nazi-, Hamas- oder Islamischer Staat-Symbole öffentlich tragen darf.","meine Meinung nur dann äußern darf, solange ich der Regierung nicht widerspreche.","meine Meinung nur dann äußern darf, solange ich der Regierung nicht widerspreche.","Meinungsäußerung ist geschützt, aber Beleidigungen und verfassungsfeindliche Symbole sind verboten.","Meinungsäußerung ist geschützt, aber Beleidigungen und verfassungsfeindliche Symbole sind verboten."
general,"Q015","democracy","Was verbietet das deutsche Grundgesetz?","Was verbietet das deutsche Grundgesetz?","Militärdienst","Militärdienst","Zwangsarbeit","Zwangsarbeit","freie Berufswahl","freie Berufswahl","Arbeit im Ausland","Arbeit im Ausland","Zwangsarbeit ist verfassungsrechtlich verboten.","Zwangsarbeit ist verfassungsrechtlich verboten."
general,"Q016","democracy","Wann ist die Meinungsfreiheit in Deutschland eingeschränkt?","Wann ist die Meinungsfreiheit in Deutschland eingeschränkt?","bei der öffentlichen Verbreitung falscher Behauptungen über einzelne Personen","bei der öffentlichen Verbreitung falscher Behauptungen über einzelne Personen","bei Meinungsäußerungen über die Bundesregierung","bei Meinungsäußerungen über die Bundesregierung","bei Diskussionen über Religionen","bei Diskussionen über Religionen","bei Kritik am Staat","bei Kritik am Staat","Unwahre, ehrverletzende Tatsachenbehauptungen sind nicht geschützt.","Unwahre, ehrverletzende Tatsachenbehauptungen sind nicht geschützt."
general,"Q017","democracy","Die deutschen Gesetze verbieten …","Die deutschen Gesetze verbieten …","Meinungsfreiheit der Einwohnerinnen und Einwohner.","Meinungsfreiheit der Einwohnerinnen und Einwohner.","Petitionen der Bürgerinnen und Bürger.","Petitionen der Bürgerinnen und Bürger.","Versammlungsfreiheit der Einwohnerinnen und Einwohner.","Versammlungsfreiheit der Einwohnerinnen und Einwohner.","Ungleichbehandlung der Bürgerinnen und Bürger durch den Staat.","Ungleichbehandlung der Bürgerinnen und Bürger durch den Staat.","Der Staat darf niemanden ohne sachlichen Grund ungleich behandeln.","Der Staat darf niemanden ohne sachlichen Grund ungleich behandeln."
general,"Q018","democracy","Welches Grundrecht ist in Artikel 1 des Grundgesetzes der Bundesrepublik Deutschland garantiert?","Welches Grundrecht ist in Artikel 1 des Grundgesetzes der Bundesrepublik Deutschland garantiert?","die Unantastbarkeit der Menschenwürde","die Unantastbarkeit der Menschenwürde","das Recht auf Leben","das Recht auf Leben","Religionsfreiheit","Religionsfreiheit","Meinungsfreiheit","Meinungsfreiheit","Art. 1 GG stellt die Menschenwürde unter besonderen Schutz.","Art. 1 GG stellt die Menschenwürde unter besonderen Schutz."
general,"Q019","democracy","Was versteht man unter dem Recht der ""Freizügigkeit"" in Deutschland?","Was versteht man unter dem Recht der ""Freizügigkeit"" in Deutschland?","Man darf sich seinen Wohnort selbst aussuchen.","Man darf sich seinen Wohnort selbst aussuchen.","Man kann seinen Beruf wechseln.","Man kann seinen Beruf wechseln.","Man darf sich für eine andere Religion entscheiden.","Man darf sich für eine andere Religion entscheiden.","Man darf sich in der Öffentlichkeit nur leicht bekleidet bewegen.","Man darf sich in der Öffentlichkeit nur leicht bekleidet bewegen.","Freizügigkeit bedeutet freie Wahl des Aufenthalts- und Wohnortes.","Freizügigkeit bedeutet freie Wahl des Aufenthalts- und Wohnortes."
general,"Q020","democracy","Eine Partei in Deutschland verfolgt das Ziel, eine Diktatur zu errichten. Sie ist dann …","Eine Partei in Deutschland verfolgt das Ziel, eine Diktatur zu errichten. Sie ist dann …","tolerant.","tolerant.","rechtsstaatlich orientiert.","rechtsstaatlich orientiert.","gesetzestreu.","gesetzestreu.","verfassungswidrig.","verfassungswidrig.","Ziele gegen die freiheitlich-demokratische Grundordnung sind verfassungswidrig.","Ziele gegen die freiheitlich-demokratische Grundordnung sind verfassungswidrig."
general,"Q021","people_society","Welches ist das Wappen der Bundesrepublik Deutschland?","Welches ist das Wappen der Bundesrepublik Deutschland?","Bild 1.","Bild 1.","Bild 2.","Bild 2.","Bild 3.","Bild 3.","Bild 4.","Bild 4.","Das Wappen der Bundesrepublik Deutschland zeigt einen schwarzen Adler auf goldenem Grund.","Das Wappen der Bundesrepublik Deutschland zeigt einen schwarzen Adler auf goldenem Grund."
general,"Q022","democracy","Was für eine Staatsform hat Deutschland?","Was für eine Staatsform hat Deutschland?","Monarchie","Monarchie","Diktatur","Diktatur","Republik","Republik","Fürstentum","Fürstentum","Deutschland ist eine parlamentarische Republik.","Deutschland ist eine parlamentarische Republik."
general,"Q023","people_society","In Deutschland sind die meisten Erwerbstätigen …","In Deutschland sind die meisten Erwerbstätigen …","in kleinen Familienunternehmen beschäftigt.","in kleinen Familienunternehmen beschäftigt.","ehrenamtlich für ein Bundesland tätig.","ehrenamtlich für ein Bundesland tätig.","selbstständig mit einer eigenen Firma tätig.","selbstständig mit einer eigenen Firma tätig.","bei einer Firma oder Behörde beschäftigt.","bei einer Firma oder Behörde beschäftigt.","Die Mehrheit arbeitet als Beschäftigte in Unternehmen oder Behörden.","Die Mehrheit arbeitet als Beschäftigte in Unternehmen oder Behörden."
general,"Q024","democracy","Wie viele Bundesländer hat die Bundesrepublik Deutschland?","Wie viele Bundesländer hat die Bundesrepublik Deutschland?","14","14","15","15","16","16","17","17","Deutschland besteht aus 16 Bundesländern.","Deutschland besteht aus 16 Bundesländern."
general,"Q025","history_responsibility","Was ist kein Bundesland der Bundesrepublik Deutschland?","Was ist kein Bundesland der Bundesrepublik Deutschland?","Elsass-Lothringen","Elsass-Lothringen","Nordrhein-Westfalen","Nordrhein-Westfalen","Mecklenburg-Vorpommern","Mecklenburg-Vorpommern","Sachsen-Anhalt","Sachsen-Anhalt","Elsass-Lothringen ist eine Region in Frankreich, kein deutsches Bundesland. Sie war vor dem Ersten Weltkrieg ein Teil des Deutschen Reiches.","Elsass-Lothringen ist eine Region in Frankreich, kein deutsches Bundesland. Sie war vor dem Ersten Weltkrieg ein Teil des Deutschen Reiches."
general,"Q026","democracy","Deutschland ist …","Deutschland ist …","eine kommunistische Republik.","eine kommunistische Republik.","ein demokratischer und sozialer Bundesstaat.","ein demokratischer und sozialer Bundesstaat.","eine kapitalistische und soziale Monarchie.","eine kapitalistische und soziale Monarchie.","ein sozialer und sozialistischer Bundesstaat.","ein sozialer und sozialistischer Bundesstaat.","Das Grundgesetz definiert Deutschland als demokratischen und sozialen Bundesstaat.","Das Grundgesetz definiert Deutschland als demokratischen und sozialen Bundesstaat."
general,"Q027","democracy","Deutschland ist …","Deutschland ist …","ein sozialistischer Staat.","ein sozialistischer Staat.","ein Bundesstaat.","ein Bundesstaat.","eine Diktatur.","eine Diktatur.","eine Monarchie.","eine Monarchie.","Die Kompetenzen sind zwischen Bund und Ländern verteilt.","Die Kompetenzen sind zwischen Bund und Ländern verteilt."
general,"Q028","democracy","Wer wählt in Deutschland die Abgeordneten zum Bundestag?","Wer wählt in Deutschland die Abgeordneten zum Bundestag?","das Militär","das Militär","die Wirtschaft","die Wirtschaft","das wahlberechtigte Volk","das wahlberechtigte Volk","die Verwaltung","die Verwaltung","Die Bürgerinnen und Bürger wählen die Bundestagsabgeordneten.","Die Bürgerinnen und Bürger wählen die Bundestagsabgeordneten."
general,"Q029","democracy","Welches Tier ist das Wappentier der Bundesrepublik Deutschland?","Welches Tier ist das Wappentier der Bundesrepublik Deutschland?","Löwe","Löwe","Adler","Adler","Bär","Bär","Pferd","Pferd","Das Wappentier der Bundesrepublik Deutschland ist der Adler.","Das Wappentier der Bundesrepublik Deutschland ist der Adler."
general,"Q030","democracy","Was ist kein Merkmal unserer Demokratie?","Was ist kein Merkmal unserer Demokratie?","regelmäßige Wahlen","regelmäßige Wahlen","Pressezensur","Pressezensur","Meinungsfreiheit","Meinungsfreiheit","verschiedene Parteien","verschiedene Parteien","Zensur widerspricht demokratischen Grundprinzipien.","Zensur widerspricht demokratischen Grundprinzipien."
general,"Q031","democracy","Die Zusammenarbeit von Parteien zur Bildung einer Regierung nennt man in Deutschland …","Die Zusammenarbeit von Parteien zur Bildung einer Regierung nennt man in Deutschland …","Einheit.","Einheit.","Koalition.","Koalition.","Ministerium.","Ministerium.","Fraktion.","Fraktion.","Koalitionen entstehen, wenn keine Partei allein regieren kann und mehrere Parteien zusammenarbeiten.","Koalitionen entstehen, wenn keine Partei allein regieren kann und mehrere Parteien zusammenarbeiten."
general,"Q032","democracy","Was ist keine staatliche Gewalt in Deutschland?","Was ist keine staatliche Gewalt in Deutschland?","Gesetzgebung","Gesetzgebung","Regierung","Regierung","Presse","Presse","Rechtsprechung","Rechtsprechung","Die drei Gewalten sind Legislative, Exekutive und Judikative. Medien sind keine staatliche Gewalt, werden aber teilweise als vierte Gewalt bezeichnet.","Die drei Gewalten sind Legislative, Exekutive und Judikative. Medien sind keine staatliche Gewalt, werden aber teilweise als vierte Gewalt bezeichnet."
general,"Q033","democracy","Welche Aussage ist richtig? In Deutschland …","Welche Aussage ist richtig? In Deutschland …","sind Staat und Religionsgemeinschaften voneinander getrennt.","sind Staat und Religionsgemeinschaften voneinander getrennt.","bilden die Religionsgemeinschaften den Staat.","bilden die Religionsgemeinschaften den Staat.","ist der Staat abhängig von den Religionsgemeinschaften.","ist der Staat abhängig von den Religionsgemeinschaften.","bilden Staat und Religionsgemeinschaften eine Einheit.","bilden Staat und Religionsgemeinschaften eine Einheit.","Deutschland ist ein religiös neutraler Staat mit Trennung von Staat und Religion.","Deutschland ist ein religiös neutraler Staat mit Trennung von Staat und Religion."
general,"Q034","democracy","Was ist Deutschland nicht?","Was ist Deutschland nicht?","eine Demokratie","eine Demokratie","ein Rechtsstaat","ein Rechtsstaat","eine Monarchie","eine Monarchie","ein Sozialstaat","ein Sozialstaat","Deutschland hat kein monarchisches Staatsoberhaupt.","Deutschland hat kein monarchisches Staatsoberhaupt."
general,"Q035","people_society","Womit finanziert der deutsche Staat die Sozialversicherung?","Womit finanziert der deutsche Staat die Sozialversicherung?","Kirchensteuer","Kirchensteuer","Sozialabgaben","Sozialabgaben","Spendengeldern","Spendengeldern","Vereinsbeiträgen","Vereinsbeiträgen","Sozialversicherungen werden durch Beiträge von Beschäftigten und Arbeitgebern finanziert.","Sozialversicherungen werden durch Beiträge von Beschäftigten und Arbeitgebern finanziert."
general,"Q036","people_society","Welche Maßnahme schafft in Deutschland soziale Sicherheit?","Welche Maßnahme schafft in Deutschland soziale Sicherheit?","die Krankenversicherung","die Krankenversicherung","die Autoversicherung","die Autoversicherung","die Gebäudeversicherung","die Gebäudeversicherung","die Haftpflichtversicherung","die Haftpflichtversicherung","Die gesetzliche Krankenversicherung ist Teil der sozialen Sicherung.","Die gesetzliche Krankenversicherung ist Teil der sozialen Sicherung."
general,"Q037","democracy","Wie werden die Regierungschefinnen/Regierungschefs der meisten Bundesländer in Deutschland genannt?","Wie werden die Regierungschefinnen/Regierungschefs der meisten Bundesländer in Deutschland genannt?","Erste Ministerin/Erster Minister","Erste Ministerin/Erster Minister","Premierministerin/Premierminister","Premierministerin/Premierminister","Senatorin/Senator","Senatorin/Senator","Ministerpräsidentin/Ministerpräsident","Ministerpräsidentin/Ministerpräsident","In fast allen Ländern lautet die Amtsbezeichnung Ministerpräsident/in.","In fast allen Ländern lautet die Amtsbezeichnung Ministerpräsident/in."
general,"Q038","democracy","Die Bundesrepublik Deutschland ist ein demokratischer und sozialer …","Die Bundesrepublik Deutschland ist ein demokratischer und sozialer …","Staatenverbund.","Staatenverbund.","Bundesstaat.","Bundesstaat.","Staatenbund.","Staatenbund.","Zentralstaat.","Zentralstaat.","Deutschland ist ein Bundesstaat mit Ländern und Bund.","Deutschland ist ein Bundesstaat mit Ländern und Bund."
general,"Q039","democracy","Was hat jedes deutsche Bundesland?","Was hat jedes deutsche Bundesland?","eine eigene Außenministerin/einen eigenen Außenminister","eine eigene Außenministerin/einen eigenen Außenminister","eine eigene Währung","eine eigene Währung","eine eigene Armee","eine eigene Armee","eine eigene Regierung","eine eigene Regierung","Jedes Land besitzt eine eigene Landesregierung.","Jedes Land besitzt eine eigene Landesregierung."
general,"Q040","history_responsibility","Mit welchen Worten beginnt die deutsche Nationalhymne?","Mit welchen Worten beginnt die deutsche Nationalhymne?","Völker, hört die Signale …","Völker, hört die Signale …","Einigkeit und Recht und Freiheit …","Einigkeit und Recht und Freiheit …","Freude schöner Götterfunken …","Freude schöner Götterfunken …","Deutschland einig Vaterland …","Deutschland einig Vaterland …","Die Hymne beginnt mit „Einigkeit und Recht und Freiheit …“. Diese Worte stammen aus der dritten Strophe des Liedes „Das Lied der Deutschen“ von August Heinrich Hoffmann von Fallersleben.","Die Hymne beginnt mit „Einigkeit und Recht und Freiheit …“. Diese Worte stammen aus der dritten Strophe des Liedes „Das Lied der Deutschen“ von August Heinrich Hoffmann von Fallersleben."
general,"Q041","democracy","Warum gibt es in einer Demokratie mehr als eine Partei?","Warum gibt es in einer Demokratie mehr als eine Partei?","weil dadurch die unterschiedlichen Meinungen der Bürgerinnen und Bürger vertreten werden","weil dadurch die unterschiedlichen Meinungen der Bürgerinnen und Bürger vertreten werden","damit Bestechung in der Politik begrenzt wird","damit Bestechung in der Politik begrenzt wird","um politische Demonstrationen zu verhindern","um politische Demonstrationen zu verhindern","um wirtschaftlichen Wettbewerb anzuregen","um wirtschaftlichen Wettbewerb anzuregen","Mehrparteiensysteme spiegeln Vielfalt von Interessen und Meinungen wider.","Mehrparteiensysteme spiegeln Vielfalt von Interessen und Meinungen wider."
general,"Q042","democracy","Wer beschließt in Deutschland ein neues Gesetz?","Wer beschließt in Deutschland ein neues Gesetz?","die Regierung","die Regierung","das Parlament","das Parlament","die Gerichte","die Gerichte","die Polizei","die Polizei","Gesetze werden von den Parlamenten beschlossen.","Gesetze werden von den Parlamenten beschlossen."
general,"Q043","democracy","Wann kann in Deutschland eine Partei verboten werden?","Wann kann in Deutschland eine Partei verboten werden?","wenn ihr Wahlkampf zu teuer ist","wenn ihr Wahlkampf zu teuer ist","wenn sie gegen die Verfassung kämpft","wenn sie gegen die Verfassung kämpft","wenn sie Kritik am Staatsoberhaupt äußert","wenn sie Kritik am Staatsoberhaupt äußert","wenn ihr Programm eine neue Richtung vorschlägt","wenn ihr Programm eine neue Richtung vorschlägt","Verfassungsfeindliche Parteien können vom Bundesverfassungsgericht verboten werden.","Verfassungsfeindliche Parteien können vom Bundesverfassungsgericht verboten werden."
general,"Q044","democracy","Wen kann man als Bürgerin/Bürger in Deutschland nicht direkt wählen?","Wen kann man als Bürgerin/Bürger in Deutschland nicht direkt wählen?","Abgeordnete des EU-Parlaments","Abgeordnete des EU-Parlaments","Die Bundespräsidentin/den Bundespräsidenten","Die Bundespräsidentin/den Bundespräsidenten","Landtagsabgeordnete","Landtagsabgeordnete","Bundestagsabgeordnete","Bundestagsabgeordnete","Die Bundespräsidentin oder der Bundespräsident wird von der Bundesversammlung gewählt, nicht direkt vom Volk.","Die Bundespräsidentin oder der Bundespräsident wird von der Bundesversammlung gewählt, nicht direkt vom Volk."
general,"Q045","people_society","Zu welcher Versicherung gehört die Pflegeversicherung?","Zu welcher Versicherung gehört die Pflegeversicherung?","Sozialversicherung","Sozialversicherung","Unfallversicherung","Unfallversicherung","Hausratsversicherung","Hausratsversicherung","Haftpflicht- und Feuerversicherung","Haftpflicht- und Feuerversicherung","Die Pflegeversicherung ist ein Teil der gesetzlichen Sozialversicherung in Deutschland.","Die Pflegeversicherung ist ein Teil der gesetzlichen Sozialversicherung in Deutschland."
general,"Q046","people_society","Der deutsche Staat hat viele Aufgaben. Welche Aufgabe gehört dazu?","Der deutsche Staat hat viele Aufgaben. Welche Aufgabe gehört dazu?","Er baut Straßen und Schulen.","Er baut Straßen und Schulen.","Er verkauft Lebensmittel und Kleidung.","Er verkauft Lebensmittel und Kleidung.","Er versorgt alle Einwohnerinnen und Einwohner kostenlos mit Zeitungen.","Er versorgt alle Einwohnerinnen und Einwohner kostenlos mit Zeitungen.","Er produziert Autos und Busse.","Er produziert Autos und Busse.","Der Staat sorgt für öffentliche Infrastruktur wie Straßen und Bildungseinrichtungen.","Der Staat sorgt für öffentliche Infrastruktur wie Straßen und Bildungseinrichtungen."
general,"Q047","people_society","Der deutsche Staat hat viele Aufgaben. Welche Aufgabe gehört nicht dazu?","Der deutsche Staat hat viele Aufgaben. Welche Aufgabe gehört nicht dazu?","Er bezahlt für alle Staatsangehörigen Urlaubsreisen.","Er bezahlt für alle Staatsangehörigen Urlaubsreisen.","Er zahlt Kindergeld.","Er zahlt Kindergeld.","Er unterstützt Museen.","Er unterstützt Museen.","Er fördert Sportlerinnen und Sportler.","Er fördert Sportlerinnen und Sportler.","Urlaubsreisen gehören nicht zu den Aufgaben des Staates.","Urlaubsreisen gehören nicht zu den Aufgaben des Staates."
general,"Q048","democracy","Welches Organ gehört nicht zu den Verfassungsorganen Deutschlands?","Welches Organ gehört nicht zu den Verfassungsorganen Deutschlands?","der Bundesrat","der Bundesrat","die Bundespräsidentin/der Bundespräsident","die Bundespräsidentin/der Bundespräsident","die Bürgerversammlung","die Bürgerversammlung","die Regierung","die Regierung","Die Bürgerversammlung ist kein Verfassungsorgan. Zu den Verfassungsorganen gehören Bundestag, Bundesrat, Bundesregierung, Bundespräsident und Bundesverfassungsgericht.","Die Bürgerversammlung ist kein Verfassungsorgan. Zu den Verfassungsorganen gehören Bundestag, Bundesrat, Bundesregierung, Bundespräsident und Bundesverfassungsgericht."
general,"Q049","democracy","Wer bestimmt in Deutschland die Schulpolitik?","Wer bestimmt in Deutschland die Schulpolitik?","die Lehrer und Lehrerinnen","die Lehrer und Lehrerinnen","die Bundesländer","die Bundesländer","das Familienministerium","das Familienministerium","die Universitäten","die Universitäten","Bildung ist in Deutschland Ländersache. Daher entscheiden die Bundesländer über die Schulpolitik.","Bildung ist in Deutschland Ländersache. Daher entscheiden die Bundesländer über die Schulpolitik."
general,"Q050","democracy","Die Wirtschaftsform in Deutschland nennt man …","Die Wirtschaftsform in Deutschland nennt man …","freie Zentralwirtschaft.","freie Zentralwirtschaft.","soziale Marktwirtschaft.","soziale Marktwirtschaft.","gelenkte Zentralwirtschaft.","gelenkte Zentralwirtschaft.","Planwirtschaft.","Planwirtschaft.","Die soziale Marktwirtschaft verbindet freie Märkte, den Kapitalismus, mit sozialem Ausgleich durch den Staat.","Die soziale Marktwirtschaft verbindet freie Märkte, den Kapitalismus, mit sozialem Ausgleich durch den Staat."
general,"Q051","people_society","Zu einem demokratischen Rechtsstaat gehört es nicht, dass …","Zu einem demokratischen Rechtsstaat gehört es nicht, dass …","Menschen sich kritisch über die Regierung äußern können.","Menschen sich kritisch über die Regierung äußern können.","Bürger friedlich demonstrieren gehen dürfen.","Bürger friedlich demonstrieren gehen dürfen.","Menschen von einer Privatpolizei ohne Grund verhaftet werden.","Menschen von einer Privatpolizei ohne Grund verhaftet werden.","jemand ein Verbrechen begeht und deshalb verhaftet wird.","jemand ein Verbrechen begeht und deshalb verhaftet wird.","In einem Rechtsstaat darf niemand willkürlich von einer Privatpolizei verhaftet werden.","In einem Rechtsstaat darf niemand willkürlich von einer Privatpolizei verhaftet werden."
general,"Q052","democracy","Was bedeutet 'Volkssouveränität'? Alle Staatsgewalt geht vom ...","Was bedeutet 'Volkssouveränität'? Alle Staatsgewalt geht vom ...","Volke aus.","Volke aus.","Bundestag aus.","Bundestag aus.","preußischen König aus.","preußischen König aus.","Bundesverfassungsgericht aus.","Bundesverfassungsgericht aus.","Artikel 20 des Grundgesetzes: 'Alle Staatsgewalt geht vom Volke aus.'","Artikel 20 des Grundgesetzes: 'Alle Staatsgewalt geht vom Volke aus.'"
general,"Q053","democracy","Was bedeutet 'Rechtsstaat' in Deutschland?","Was bedeutet 'Rechtsstaat' in Deutschland?","Der Staat hat Recht.","Der Staat hat Recht.","Es gibt nur rechte Parteien.","Es gibt nur rechte Parteien.","Der Staat muss die Gesetze einhalten.","Der Staat muss die Gesetze einhalten.","Es gibt keine Gesetze.","Es gibt keine Gesetze.","Ein Rechtsstaat bedeutet, dass auch der Staat an Recht und Gesetz gebunden ist.","Ein Rechtsstaat bedeutet, dass auch der Staat an Recht und Gesetz gebunden ist."
general,"Q054","democracy","Was ist keine staatliche Gewalt in Deutschland?","Was ist keine staatliche Gewalt in Deutschland?","Legislative","Legislative","Judikative","Judikative","Exekutive","Exekutive","Direktive","Direktive","Die Direktive ist keine staatliche Gewalt in Deutschland.","Die Direktive ist keine staatliche Gewalt in Deutschland."
general,"Q055","democracy","Was zeigt dieses Bild?","Was zeigt dieses Bild?","den Bundestagssitz in Berlin","den Bundestagssitz in Berlin","das Bundesverfassungsgericht in Karlsruhe","das Bundesverfassungsgericht in Karlsruhe","das Bundesratsgebäude in Berlin","das Bundesratsgebäude in Berlin","das Bundeskanzleramt in Berlin","das Bundeskanzleramt in Berlin","Das Bild zeigt den Sitz des Deutschen Bundestages in Berlin, das Reichstagsgebäude.","Das Bild zeigt den Sitz des Deutschen Bundestages in Berlin, das Reichstagsgebäude."
general,"Q056","democracy","Welches Amt gehört in Deutschland zur Gemeindeverwaltung?","Welches Amt gehört in Deutschland zur Gemeindeverwaltung?","Pfarramt","Pfarramt","Ordnungsamt","Ordnungsamt","Finanzamt","Finanzamt","Auswärtiges Amt","Auswärtiges Amt","Das Ordnungsamt ist Teil der kommunalen Verwaltung.","Das Ordnungsamt ist Teil der kommunalen Verwaltung."
general,"Q057","democracy","Wer wird meistens zur Präsidentin/zum Präsidenten des Deutschen Bundestages gewählt?","Wer wird meistens zur Präsidentin/zum Präsidenten des Deutschen Bundestages gewählt?","die/der älteste Abgeordnete im Parlament","die/der älteste Abgeordnete im Parlament","die Ministerpräsidentin/der Ministerpräsident des größten Bundeslandes","die Ministerpräsidentin/der Ministerpräsident des größten Bundeslandes","eine ehemalige Bundeskanzlerin/ein ehemaliger Bundeskanzler","eine ehemalige Bundeskanzlerin/ein ehemaliger Bundeskanzler","eine Abgeordnete/ein Abgeordneter der stärksten Fraktion","eine Abgeordnete/ein Abgeordneter der stärksten Fraktion","Üblich ist die Wahl aus der stärksten Fraktion.","Üblich ist die Wahl aus der stärksten Fraktion."
general,"Q058","democracy","Wer ernennt in Deutschland die Ministerinnen/die Minister der Bundesregierung?","Wer ernennt in Deutschland die Ministerinnen/die Minister der Bundesregierung?","die Präsidentin/der Präsident des Bundesverfassungsgerichtes","die Präsidentin/der Präsident des Bundesverfassungsgerichtes","die Bundespräsidentin/der Bundespräsident","die Bundespräsidentin/der Bundespräsident","die Bundesratspräsidentin/der Bundesratspräsident","die Bundesratspräsidentin/der Bundesratspräsident","die Bundestagspräsidentin/der Bundestagspräsident","die Bundestagspräsidentin/der Bundestagspräsident","Die Bundespräsidentin bzw. der Bundespräsident ernennt die Bundesministerinnen und -minister.","Die Bundespräsidentin bzw. der Bundespräsident ernennt die Bundesministerinnen und -minister."
general,"Q059","history_responsibility","Vor wie vielen Jahren gab es erstmals eine jüdische Gemeinde auf dem Gebiet des heutigen Deutschlands?","Vor wie vielen Jahren gab es erstmals eine jüdische Gemeinde auf dem Gebiet des heutigen Deutschlands?","vor etwa 300 Jahren","vor etwa 300 Jahren","vor etwa 700 Jahren","vor etwa 700 Jahren","vor etwa 1150 Jahren","vor etwa 1150 Jahren","vor etwa 1700 Jahren","vor etwa 1700 Jahren","Die ältesten Belege für jüdische Gemeinden datieren auf etwa 1700 Jahre zurück. Im Jahr 321 n. Chr. erlaubte der römische Kaiser Konstantin der Jüdischen Gemeinde in Köln, öffentliche Ämter zu bekleiden.","Die ältesten Belege für jüdische Gemeinden datieren auf etwa 1700 Jahre zurück. Im Jahr 321 n. Chr. erlaubte der römische Kaiser Konstantin der Jüdischen Gemeinde in Köln, öffentliche Ämter zu bekleiden."
general,"Q060","democracy","In Deutschland gehören der Bundestag und der Bundesrat zur …","In Deutschland gehören der Bundestag und der Bundesrat zur …","Exekutive.","Exekutive.","Legislative.","Legislative.","Direktive.","Direktive.","Judikative.","Judikative.","Bundestag und Bundesrat sind Gesetzgebungsorgane auf Bundesebene (Legislative).","Bundestag und Bundesrat sind Gesetzgebungsorgane auf Bundesebene (Legislative)."
general,"Q061","democracy","Was bedeutet ""Volkssouveränität""?","Was bedeutet ""Volkssouveränität""?","Die Königin/der König herrscht über das Volk.","Die Königin/der König herrscht über das Volk.","Das Bundesverfassungsgericht steht über der Verfassung.","Das Bundesverfassungsgericht steht über der Verfassung.","Die Interessenverbände üben die Souveränität zusammen mit der Regierung aus.","Die Interessenverbände üben die Souveränität zusammen mit der Regierung aus.","Die Staatsgewalt geht vom Volke aus.","Die Staatsgewalt geht vom Volke aus.","Das Volk ist der Träger der Souveränität, was bedeutet, dass alle Staatsgewalt vom Volk ausgeht.","Das Volk ist der Träger der Souveränität, was bedeutet, dass alle Staatsgewalt vom Volk ausgeht."
general,"Q062","democracy","Wenn das Parlament eines deutschen Bundeslandes gewählt wird, nennt man das …","Wenn das Parlament eines deutschen Bundeslandes gewählt wird, nennt man das …","Kommunalwahl","Kommunalwahl","Landtagswahl","Landtagswahl","Europawahl","Europawahl","Bundestagswahl","Bundestagswahl","Parlamentswahlen auf Länderebene heißen Landtagswahlen.","Parlamentswahlen auf Länderebene heißen Landtagswahlen."
general,"Q063","democracy","Was gehört in Deutschland nicht zur Exekutive?","Was gehört in Deutschland nicht zur Exekutive?","die Polizei","die Polizei","die Gerichte","die Gerichte","das Finanzamt","das Finanzamt","die Ministerien","die Ministerien","Gerichte gehören zur Judikative, nicht zur Exekutive.","Gerichte gehören zur Judikative, nicht zur Exekutive."
general,"Q064","democracy","Die Bundesrepublik Deutschland ist heute gegliedert in …","Die Bundesrepublik Deutschland ist heute gegliedert in …","vier Besatzungszonen.","vier Besatzungszonen.","einen Oststaat und einen Weststaat.","einen Oststaat und einen Weststaat.","16 Kantone.","16 Kantone.","Bund, Länder und Kommunen.","Bund, Länder und Kommunen.","Der föderale Aufbau besteht aus Bund, Ländern und Kommunen.","Der föderale Aufbau besteht aus Bund, Ländern und Kommunen."
general,"Q065","democracy","Es gehört nicht zu den Aufgaben des Deutschen Bundestages, …","Es gehört nicht zu den Aufgaben des Deutschen Bundestages, …","Gesetze zu entwerfen.","Gesetze zu entwerfen.","die Bundesregierung zu kontrollieren.","die Bundesregierung zu kontrollieren.","die Bundeskanzlerin/den Bundeskanzler zu wählen.","die Bundeskanzlerin/den Bundeskanzler zu wählen.","das Bundeskabinett zu bilden.","das Bundeskabinett zu bilden.","Das Bundeskabinett wird nicht vom Bundestag gebildet. Es besteht aus der Bundeskanzlerin/dem Bundeskanzler und den Bundesministern.","Das Bundeskabinett wird nicht vom Bundestag gebildet. Es besteht aus der Bundeskanzlerin/dem Bundeskanzler und den Bundesministern."
general,"Q066","history_responsibility","Welche Städte haben die größten jüdischen Gemeinden in Deutschland?","Welche Städte haben die größten jüdischen Gemeinden in Deutschland?","Berlin und München","Berlin und München","Hamburg und Essen","Hamburg und Essen","Nürnberg und Stuttgart","Nürnberg und Stuttgart","Worms und Speyer","Worms und Speyer","Die größten heutigen Gemeinden sind traditionell in Berlin und München.","Die größten heutigen Gemeinden sind traditionell in Berlin und München."
general,"Q067","democracy","Was ist in Deutschland vor allem eine Aufgabe der Bundesländer?","Was ist in Deutschland vor allem eine Aufgabe der Bundesländer?","Verteidigungspolitik","Verteidigungspolitik","Außenpolitik","Außenpolitik","Wirtschaftspolitik","Wirtschaftspolitik","Schulpolitik","Schulpolitik","Bildung ist Ländersache; dazu gehört die Schulpolitik.","Bildung ist Ländersache; dazu gehört die Schulpolitik."
general,"Q068","people_society","Warum kontrolliert der Staat in Deutschland das Schulwesen?","Warum kontrolliert der Staat in Deutschland das Schulwesen?","weil es in Deutschland nur staatliche Schulen gibt","weil es in Deutschland nur staatliche Schulen gibt","weil alle Schülerinnen und Schüler einen Schulabschluss haben müssen","weil alle Schülerinnen und Schüler einen Schulabschluss haben müssen","weil es in den Bundesländern verschiedene Schulen gibt","weil es in den Bundesländern verschiedene Schulen gibt","weil es nach dem Grundgesetz seine Aufgabe ist","weil es nach dem Grundgesetz seine Aufgabe ist","Der Staat hat laut Verfassung die Aufsicht über das Schulwesen.","Der Staat hat laut Verfassung die Aufsicht über das Schulwesen."
general,"Q069","democracy","Die Bundesrepublik Deutschland hat einen dreistufigen Verwaltungsaufbau. Wie heißt die unterste politische Stufe?","Die Bundesrepublik Deutschland hat einen dreistufigen Verwaltungsaufbau. Wie heißt die unterste politische Stufe?","Stadträte","Stadträte","Landrätе","Landrätе","Gemeinden","Gemeinden","Bezirksämter","Bezirksämter","Unterste Ebene sind die Gemeinden (Kommunen).","Unterste Ebene sind die Gemeinden (Kommunen)."
general,"Q070","democracy","Der deutsche Bundespräsident Gustav Heinemann gibt Helmut Schmidt 1974 die Ernennungsurkunde zum deutschen Bundeskanzler. Was gehört zu den Aufgaben der deutschen Bundespräsidentin/des deutschen Bundespräsidenten?","Der deutsche Bundespräsident Gustav Heinemann gibt Helmut Schmidt 1974 die Ernennungsurkunde zum deutschen Bundeskanzler. Was gehört zu den Aufgaben der deutschen Bundespräsidentin/des deutschen Bundespräsidenten?","Sie/Er führt die Regierungsgeschäfte.","Sie/Er führt die Regierungsgeschäfte.","Sie/Er kontrolliert die Regierungspartei.","Sie/Er kontrolliert die Regierungspartei.","Sie/Er wählt die Ministerinnen/Minister aus.","Sie/Er wählt die Ministerinnen/Minister aus.","Sie/Er schlägt die Kanzlerin/den Kanzler zur Wahl vor.","Sie/Er schlägt die Kanzlerin/den Kanzler zur Wahl vor.","Der/die Bundespräsident/in schlägt die Kanzlerin/den Kanzler dem Bundestag vor.","Der/die Bundespräsident/in schlägt die Kanzlerin/den Kanzler dem Bundestag vor."
general,"Q071","democracy","Wo hält sich die deutsche Bundeskanzlerin/der deutsche Bundeskanzler am häufigsten auf?","Wo hält sich die deutsche Bundeskanzlerin/der deutsche Bundeskanzler am häufigsten auf?","in Bonn, weil sich dort das Bundeskanzleramt und der Bundestag befinden.","in Bonn, weil sich dort das Bundeskanzleramt und der Bundestag befinden.","auf Schloss Meseberg, dem Gästehaus der Bundesregierung, um Staatsgäste zu empfangen.","auf Schloss Meseberg, dem Gästehaus der Bundesregierung, um Staatsgäste zu empfangen.","auf Schloss Bellevue, dem Amtssitz der Bundespräsidentin/des Bundespräsidenten, um Staatsgäste zu empfangen.","auf Schloss Bellevue, dem Amtssitz der Bundespräsidentin/des Bundespräsidenten, um Staatsgäste zu empfangen.","in Berlin, weil sich dort das Bundeskanzleramt und der Bundestag befinden.","in Berlin, weil sich dort das Bundeskanzleramt und der Bundestag befinden.","Der Amtssitz des Bundeskanzlers/der Bundeskanzlerin ist in Berlin im Bundeskanzleramt.","Der Amtssitz des Bundeskanzlers/der Bundeskanzlerin ist in Berlin im Bundeskanzleramt."
general,"Q072","democracy","Wie heißt die jetzige Bundeskanzlerin/der jetzige Bundeskanzler von Deutschland?","Wie heißt die jetzige Bundeskanzlerin/der jetzige Bundeskanzler von Deutschland?","Gerhard Schröder","Gerhard Schröder","Angela Merkel","Angela Merkel","Ursula von der Leyen","Ursula von der Leyen","Friedrich Merz","Friedrich Merz","Der aktuelle Bundeskanzler ist Friedrich Merz.","Der aktuelle Bundeskanzler ist Friedrich Merz."
general,"Q073","democracy","Die beiden größten Fraktionen im Deutschen Bundestag heißen zurzeit …","Die beiden größten Fraktionen im Deutschen Bundestag heißen zurzeit …","CDU/CSU und AfD.","CDU/CSU und AfD.","Die Linke und Bündnis 90/Die Grünen.","Die Linke und Bündnis 90/Die Grünen.","Bündnis 90/Die Grünen und SPD.","Bündnis 90/Die Grünen und SPD.","Die Linke und CDU/CSU.","Die Linke und CDU/CSU.","Die beiden größten Fraktionen sind CDU/CSU und AfD.","Die beiden größten Fraktionen sind CDU/CSU und AfD."
general,"Q074","democracy","Wie heißt das Parlament für ganz Deutschland?","Wie heißt das Parlament für ganz Deutschland?","Bundesversammlung","Bundesversammlung","Volkskammer","Volkskammer","Bundestag","Bundestag","Bundesgerichtshof","Bundesgerichtshof","Das gesamtdeutsche Parlament ist der Deutsche Bundestag.","Das gesamtdeutsche Parlament ist der Deutsche Bundestag."
general,"Q075","democracy","Wie heißt Deutschlands heutiges Staatsoberhaupt?","Wie heißt Deutschlands heutiges Staatsoberhaupt?","Frank-Walter Steinmeier","Frank-Walter Steinmeier","Bärbel Bas","Bärbel Bas","Bodo Ramelow","Bodo Ramelow","Joachim Gauck","Joachim Gauck","Das Staatsoberhaupt ist der Bundespräsident; aktuell Frank-Walter Steinmeier.","Das Staatsoberhaupt ist der Bundespräsident; aktuell Frank-Walter Steinmeier."
general,"Q076","democracy","Was bedeutet die Abkürzung CDU in Deutschland?","Was bedeutet die Abkürzung CDU in Deutschland?","Christliche Deutsche Union","Christliche Deutsche Union","Club Deutscher Unternehmer","Club Deutscher Unternehmer","Christlicher Deutscher Umweltschutz","Christlicher Deutscher Umweltschutz","Christlich Demokratische Union","Christlich Demokratische Union","CDU steht für Christlich Demokratische Union.","CDU steht für Christlich Demokratische Union."
general,"Q077","democracy","Was ist die Bundeswehr?","Was ist die Bundeswehr?","die deutsche Polizei","die deutsche Polizei","ein deutscher Hafen","ein deutscher Hafen","eine deutsche Bürgerinitiative","eine deutsche Bürgerinitiative","die deutsche Armee","die deutsche Armee","Die Bundeswehr ist die Streitkraft der Bundesrepublik.","Die Bundeswehr ist die Streitkraft der Bundesrepublik."
general,"Q078","democracy","Was bedeutet die Abkürzung SPD?","Was bedeutet die Abkürzung SPD?","Sozialistische Partei Deutschlands","Sozialistische Partei Deutschlands","Sozialpolitische Partei Deutschlands","Sozialpolitische Partei Deutschlands","Sozialdemokratische Partei Deutschlands","Sozialdemokratische Partei Deutschlands","Sozialgerechte Partei Deutschlands","Sozialgerechte Partei Deutschlands","SPD steht für Sozialdemokratische Partei Deutschlands.","SPD steht für Sozialdemokratische Partei Deutschlands."
general,"Q079","democracy","Was bedeutet die Abkürzung FDP in Deutschland?","Was bedeutet die Abkürzung FDP in Deutschland?","Friedliche Demonstrative Partei","Friedliche Demonstrative Partei","Freie Deutschland Partei","Freie Deutschland Partei","Führende Demokratische Partei","Führende Demokratische Partei","Freie Demokratische Partei","Freie Demokratische Partei","FDP steht für Freie Demokratische Partei.","FDP steht für Freie Demokratische Partei."
general,"Q080","democracy","Welches Gericht in Deutschland ist zuständig für die Auslegung des Grundgesetzes?","Welches Gericht in Deutschland ist zuständig für die Auslegung des Grundgesetzes?","Oberlandesgericht","Oberlandesgericht","Amtsgericht","Amtsgericht","Bundesverfassungsgericht","Bundesverfassungsgericht","Verwaltungsgericht","Verwaltungsgericht","Das Bundesverfassungsgericht wacht über die Verfassung.","Das Bundesverfassungsgericht wacht über die Verfassung."
general,"Q081","democracy","Wer wählt die Bundeskanzlerin/den Bundeskanzler in Deutschland?","Wer wählt die Bundeskanzlerin/den Bundeskanzler in Deutschland?","der Bundesrat","der Bundesrat","die Bundesversammlung","die Bundesversammlung","das Volk","das Volk","der Bundestag","der Bundestag","Gewählt wird die/der Kanzler/in vom Deutschen Bundestag.","Gewählt wird die/der Kanzler/in vom Deutschen Bundestag."
general,"Q082","democracy","Wer leitet das deutsche Bundeskabinett?","Wer leitet das deutsche Bundeskabinett?","die Bundestagspräsidentin/der Bundestagspräsident","die Bundestagspräsidentin/der Bundestagspräsident","die Bundespräsidentin/der Bundespräsident","die Bundespräsidentin/der Bundespräsident","die Bundesratspräsidentin/der Bundesratspräsident","die Bundesratspräsidentin/der Bundesratspräsident","die Bundeskanzlerin/der Bundeskanzler","die Bundeskanzlerin/der Bundeskanzler","Das Bundeskabinett wird von der Kanzlerin/dem Kanzler geführt.","Das Bundeskabinett wird von der Kanzlerin/dem Kanzler geführt."
general,"Q083","democracy","Wer wählt die deutsche Bundeskanzlerin/den deutschen Bundeskanzler?","Wer wählt die deutsche Bundeskanzlerin/den deutschen Bundeskanzler?","das Volk","das Volk","die Bundesversammlung","die Bundesversammlung","der Bundestag","der Bundestag","die Bundesregierung","die Bundesregierung","Die Kanzlerin/der Kanzler wird durch den Bundestag gewählt.","Die Kanzlerin/der Kanzler wird durch den Bundestag gewählt."
general,"Q084","democracy","Welche Hauptaufgabe hat die deutsche Bundespräsidentin/der deutsche Bundespräsident?","Welche Hauptaufgabe hat die deutsche Bundespräsidentin/der deutsche Bundespräsident?","Sie/Er regiert das Land.","Sie/Er regiert das Land.","Sie/Er entwirft die Gesetze.","Sie/Er entwirft die Gesetze.","Sie/Er repräsentiert das Land.","Sie/Er repräsentiert das Land.","Sie/Er überwacht die Einhaltung der Gesetze.","Sie/Er überwacht die Einhaltung der Gesetze.","Der Bundespräsident ist das Staatsoberhaupt und repräsentiert die Bundesrepublik Deutschland nach außen.","Der Bundespräsident ist das Staatsoberhaupt und repräsentiert die Bundesrepublik Deutschland nach außen."
general,"Q085","democracy","Wer bildet den deutschen Bundesrat?","Wer bildet den deutschen Bundesrat?","die Abgeordneten des Bundestages","die Abgeordneten des Bundestages","die Ministerinnen und Minister der Bundesregierung","die Ministerinnen und Minister der Bundesregierung","die Regierungsvertreter der Bundesländer","die Regierungsvertreter der Bundesländer","die Parteimitglieder","die Parteimitglieder","Im Bundesrat vertreten die Regierungen der Länder ihre Interessen.","Im Bundesrat vertreten die Regierungen der Länder ihre Interessen."
general,"Q086","democracy","Wer wählt in Deutschland die Bundespräsidentin/den Bundespräsidenten?","Wer wählt in Deutschland die Bundespräsidentin/den Bundespräsidenten?","die Bundesversammlung","die Bundesversammlung","der Bundesrat","der Bundesrat","das Bundesparlament","das Bundesparlament","das Bundesverfassungsgericht","das Bundesverfassungsgericht","Die Bundesversammlung besteht aus Mitgliedern des Bundestags und Vertretern der Länderparlamente.","Die Bundesversammlung besteht aus Mitgliedern des Bundestags und Vertretern der Länderparlamente."
general,"Q087","democracy","Wer ist das Staatsoberhaupt der Bundesrepublik Deutschland?","Wer ist das Staatsoberhaupt der Bundesrepublik Deutschland?","die Bundeskanzlerin/der Bundeskanzler","die Bundeskanzlerin/der Bundeskanzler","die Bundespräsidentin/der Bundespräsident","die Bundespräsidentin/der Bundespräsident","die Bundesratspräsidentin/der Bundesratspräsident","die Bundesratspräsidentin/der Bundesratspräsident","die Bundestagspräsidentin/der Bundestagspräsident","die Bundestagspräsidentin/der Bundestagspräsident","Das Staatsoberhaupt ist die Bundespräsidentin bzw. der Bundespräsident.","Das Staatsoberhaupt ist die Bundespräsidentin bzw. der Bundespräsident."
general,"Q088","democracy","Die parlamentarische Opposition im Deutschen Bundestag …","Die parlamentarische Opposition im Deutschen Bundestag …","kontrolliert die Regierung.","kontrolliert die Regierung.","entscheidet, wer Bundesministerin/Bundesminister wird.","entscheidet, wer Bundesministerin/Bundesminister wird.","bestimmt, wer im Bundesrat sitzt.","bestimmt, wer im Bundesrat sitzt.","schlägt die Regierungschefinnen/Regierungschefs der Länder vor.","schlägt die Regierungschefinnen/Regierungschefs der Länder vor.","Die Opposition hat die wichtige Aufgabe, die Regierung zu kontrollieren.","Die Opposition hat die wichtige Aufgabe, die Regierung zu kontrollieren."
general,"Q089","democracy","Wie nennt man in Deutschland die Vereinigung von Abgeordneten einer Partei im Parlament?","Wie nennt man in Deutschland die Vereinigung von Abgeordneten einer Partei im Parlament?","Verband","Verband","Ältestenrat","Ältestenrat","Fraktion","Fraktion","Opposition","Opposition","Abgeordnete derselben Partei bilden eine Fraktion, um gemeinsam politische Ziele zu vertreten.","Abgeordnete derselben Partei bilden eine Fraktion, um gemeinsam politische Ziele zu vertreten."
general,"Q090","democracy","Die deutschen Bundesländer wirken an der Gesetzgebung des Bundes mit durch …","Die deutschen Bundesländer wirken an der Gesetzgebung des Bundes mit durch …","den Bundesrat.","den Bundesrat.","die Bundesversammlung.","die Bundesversammlung.","den Bundestag.","den Bundestag.","die Bundesregierung.","die Bundesregierung.","Der Bundesrat vertritt die Länder und wirkt bei der Gesetzgebung des Bundes mit.","Der Bundesrat vertritt die Länder und wirkt bei der Gesetzgebung des Bundes mit."
general,"Q091","democracy","In Deutschland kann ein Regierungswechsel in einem Bundesland Auswirkungen auf die Bundespolitik haben. Das Regieren wird …","In Deutschland kann ein Regierungswechsel in einem Bundesland Auswirkungen auf die Bundespolitik haben. Das Regieren wird …","schwieriger, wenn sich dadurch die Mehrheit im Bundestag ändert.","schwieriger, wenn sich dadurch die Mehrheit im Bundestag ändert.","leichter, wenn dadurch neue Parteien in den Bundesrat kommen.","leichter, wenn dadurch neue Parteien in den Bundesrat kommen.","schwieriger, wenn dadurch die Mehrheit im Bundesrat verändert wird.","schwieriger, wenn dadurch die Mehrheit im Bundesrat verändert wird.","leichter, wenn es sich um ein reiches Bundesland handelt.","leichter, wenn es sich um ein reiches Bundesland handelt.","Ändert sich die Mehrheitsverteilung im Bundesrat, kann das Einfluss auf die Bundespolitik haben.","Ändert sich die Mehrheitsverteilung im Bundesrat, kann das Einfluss auf die Bundespolitik haben."
general,"Q092","democracy","Was bedeutet die Abkürzung CSU in Deutschland?","Was bedeutet die Abkürzung CSU in Deutschland?","Christlich Sichere Union","Christlich Sichere Union","Christlich Süddeutsche Union","Christlich Süddeutsche Union","Christlich Sozialer Unternehmerverband","Christlich Sozialer Unternehmerverband","Christlich Soziale Union","Christlich Soziale Union","CSU steht für Christlich Soziale Union – sie ist die Schwesterpartei der CDU in Bayern.","CSU steht für Christlich Soziale Union – sie ist die Schwesterpartei der CDU in Bayern."
general,"Q093","democracy","Je mehr 'Zweitstimmen' eine Partei bei einer Bundestagswahl bekommt, desto …","Je mehr 'Zweitstimmen' eine Partei bei einer Bundestagswahl bekommt, desto …","weniger Erststimmen kann sie haben.","weniger Erststimmen kann sie haben.","mehr Direktkandidaten der Partei ziehen ins Parlament ein.","mehr Direktkandidaten der Partei ziehen ins Parlament ein.","größer ist das Risiko, eine Koalition bilden zu müssen.","größer ist das Risiko, eine Koalition bilden zu müssen.","mehr Sitze erhält die Partei im Parlament.","mehr Sitze erhält die Partei im Parlament.","Die Zweitstimme entscheidet über die Sitzverteilung der Parteien im Bundestag.","Die Zweitstimme entscheidet über die Sitzverteilung der Parteien im Bundestag."
general,"Q094","democracy","Ab welchem Alter darf man in Deutschland an der Wahl zum Deutschen Bundestag teilnehmen?","Ab welchem Alter darf man in Deutschland an der Wahl zum Deutschen Bundestag teilnehmen?","16","16","18","18","21","21","23","23","Das aktive Wahlrecht zum Bundestag ist im Grundgesetz verankert und gilt ab 18 Jahren.","Das aktive Wahlrecht zum Bundestag ist im Grundgesetz verankert und gilt ab 18 Jahren."
general,"Q095","people_society","Was gilt für die meisten Kinder in Deutschland?","Was gilt für die meisten Kinder in Deutschland?","Wahlpflicht","Wahlpflicht","Schulpflicht","Schulpflicht","Schweigepflicht","Schweigepflicht","Religionspflicht","Religionspflicht","In Deutschland besteht allgemeine Schulpflicht.","In Deutschland besteht allgemeine Schulpflicht."
general,"Q096","history_responsibility","Wie kann jemand, der den Holocaust leugnet, bestraft werden?","Wie kann jemand, der den Holocaust leugnet, bestraft werden?","Kürzung sozialer Leistungen","Kürzung sozialer Leistungen","bis zu 100 Sozialstunden","bis zu 100 Sozialstunden","gar nicht, Holocaustleugnung ist erlaubt","gar nicht, Holocaustleugnung ist erlaubt","mit Freiheitsstrafe bis zu fünf Jahren oder mit Geldstrafe","mit Freiheitsstrafe bis zu fünf Jahren oder mit Geldstrafe","Holocaustleugnung ist eine Straftat nach §130 StGB (Volksverhetzung) und kann mit Freiheitsstrafe bis zu fünf Jahren oder mit Geldstrafe bestraft werden.","Holocaustleugnung ist eine Straftat nach §130 StGB (Volksverhetzung) und kann mit Freiheitsstrafe bis zu fünf Jahren oder mit Geldstrafe bestraft werden."
general,"Q097","people_society","Was bezahlt man in Deutschland automatisch, wenn man fest angestellt ist?","Was bezahlt man in Deutschland automatisch, wenn man fest angestellt ist?","Sozialversicherung","Sozialversicherung","Sozialhilfe","Sozialhilfe","Kindergeld","Kindergeld","Wohngeld","Wohngeld","Arbeitnehmer zahlen automatisch Beiträge zur Sozialversicherung.","Arbeitnehmer zahlen automatisch Beiträge zur Sozialversicherung."
general,"Q098","democracy","Wenn Abgeordnete im Deutschen Bundestag ihre Fraktion wechseln, …","Wenn Abgeordnete im Deutschen Bundestag ihre Fraktion wechseln, …","dürfen sie nicht mehr an den Sitzungen teilnehmen.","dürfen sie nicht mehr an den Sitzungen teilnehmen.","kann die Regierung ihre Mehrheit verlieren.","kann die Regierung ihre Mehrheit verlieren.","muss die Bundespräsidentin/der Bundespräsident zustimmen.","muss die Bundespräsidentin/der Bundespräsident zustimmen.","dürfen die Wählerinnen/Wähler erneut wählen.","dürfen die Wählerinnen/Wähler erneut wählen.","Ein Fraktionswechsel kann die Mehrheitsverhältnisse im Bundestag verändern.","Ein Fraktionswechsel kann die Mehrheitsverhältnisse im Bundestag verändern."
general,"Q099","people_society","Wer bezahlt in Deutschland die Sozialversicherungen?","Wer bezahlt in Deutschland die Sozialversicherungen?","Arbeitgeberinnen/Arbeitgeber und Arbeitnehmerinnen/Arbeitnehmer","Arbeitgeberinnen/Arbeitgeber und Arbeitnehmerinnen/Arbeitnehmer","nur Arbeitnehmerinnen/Arbeitnehmer","nur Arbeitnehmerinnen/Arbeitnehmer","alle Staatsangehörigen","alle Staatsangehörigen","nur Arbeitgeberinnen/Arbeitgeber","nur Arbeitgeberinnen/Arbeitgeber","Die Sozialversicherungen werden gemeinsam von Arbeitgebern und Arbeitnehmern getragen.","Die Sozialversicherungen werden gemeinsam von Arbeitgebern und Arbeitnehmern getragen."
general,"Q100","people_society","Was gehört nicht zur gesetzlichen Sozialversicherung?","Was gehört nicht zur gesetzlichen Sozialversicherung?","die Lebensversicherung","die Lebensversicherung","die gesetzliche Rentenversicherung","die gesetzliche Rentenversicherung","die Arbeitslosenversicherung","die Arbeitslosenversicherung","die Pflegeversicherung","die Pflegeversicherung","Die Lebensversicherung ist privat, nicht gesetzlich vorgeschrieben.","Die Lebensversicherung ist privat, nicht gesetzlich vorgeschrieben."
general,"Q101","people_society","Gewerkschaften sind Interessenverbände der …","Gewerkschaften sind Interessenverbände der …","Jugendlichen","Jugendlichen","Arbeitnehmerinnen und Arbeitnehmer","Arbeitnehmerinnen und Arbeitnehmer","Rentnerinnen und Rentner","Rentnerinnen und Rentner","Arbeitgeberinnen und Arbeitgeber","Arbeitgeberinnen und Arbeitgeber","Gewerkschaften vertreten die Interessen von Arbeitnehmerinnen und Arbeitnehmern.","Gewerkschaften vertreten die Interessen von Arbeitnehmerinnen und Arbeitnehmern."
general,"Q102","people_society","Womit kann man in der Bundesrepublik Deutschland geehrt werden, wenn man auf politischem, wirtschaftlichem, kulturellem, geistigem oder sozialem Gebiet eine besondere Leistung erbracht hat? Mit dem …","Womit kann man in der Bundesrepublik Deutschland geehrt werden, wenn man auf politischem, wirtschaftlichem, kulturellem, geistigem oder sozialem Gebiet eine besondere Leistung erbracht hat? Mit dem …","Bundesverdienstkreuz","Bundesverdienstkreuz","Bundesadler","Bundesadler","Vaterländischen Verdienstorden","Vaterländischen Verdienstorden","Ehrentitel ""Held der Deutschen Demokratischen Republik""","Ehrentitel ""Held der Deutschen Demokratischen Republik""","In der Bundesrepublik Deutschland wird das Bundesverdienstkreuz verliehen, als höchste Auszeichnung für besondere Verdienste.","In der Bundesrepublik Deutschland wird das Bundesverdienstkreuz verliehen, als höchste Auszeichnung für besondere Verdienste."
general,"Q103","history_responsibility","Was wird in Deutschland als ""Ampelkoalition"" bezeichnet? Die Zusammenarbeit …","Was wird in Deutschland als ""Ampelkoalition"" bezeichnet? Die Zusammenarbeit …","der Bundestagsfraktionen von CDU und CSU","der Bundestagsfraktionen von CDU und CSU","von SPD, FDP und Bündnis 90/Die Grünen in einer Regierung","von SPD, FDP und Bündnis 90/Die Grünen in einer Regierung","von CSU, Die LINKE und Bündnis 90/Die Grünen in einer Regierung","von CSU, Die LINKE und Bündnis 90/Die Grünen in einer Regierung","der Bundestagsfraktionen von CDU und SPD","der Bundestagsfraktionen von CDU und SPD","Die Ampelkoalition besteht aus SPD (Rot), FDP (Gelb) und Bündnis 90/Die Grünen (Grün).","Die Ampelkoalition besteht aus SPD (Rot), FDP (Gelb) und Bündnis 90/Die Grünen (Grün)."
general,"Q104","people_society","Eine Frau in Deutschland verliert ihre Arbeit. Was darf nicht der Grund für diese Entlassung sein?","Eine Frau in Deutschland verliert ihre Arbeit. Was darf nicht der Grund für diese Entlassung sein?","Die Frau ist lange krank und arbeitsunfähig.","Die Frau ist lange krank und arbeitsunfähig.","Die Frau kam oft zu spät zur Arbeit.","Die Frau kam oft zu spät zur Arbeit.","Die Frau erledigt private Sachen während der Arbeitszeit.","Die Frau erledigt private Sachen während der Arbeitszeit.","Die Frau bekommt ein Kind und ihr Chef weiß das.","Die Frau bekommt ein Kind und ihr Chef weiß das.","Eine Frau darf wegen einer Schwangerschaft nicht entlassen werden (Mutterschutzgesetz).","Eine Frau darf wegen einer Schwangerschaft nicht entlassen werden (Mutterschutzgesetz)."
general,"Q105","people_society","Was ist eine Aufgabe von Wahlhelferinnen/Wahlhelfern in Deutschland?","Was ist eine Aufgabe von Wahlhelferinnen/Wahlhelfern in Deutschland?","Sie helfen alten Menschen bei der Stimmabgabe in der Wahlkabine.","Sie helfen alten Menschen bei der Stimmabgabe in der Wahlkabine.","Sie schreiben die Wahlbenachrichtigungen vor der Wahl.","Sie schreiben die Wahlbenachrichtigungen vor der Wahl.","Sie geben Zwischenergebnisse an die Medien weiter.","Sie geben Zwischenergebnisse an die Medien weiter.","Sie zählen die Stimmen nach dem Ende der Wahl.","Sie zählen die Stimmen nach dem Ende der Wahl.","Wahlhelferinnen und Wahlhelfer sind unter anderem für die Auszählung der Stimmen zuständig.","Wahlhelferinnen und Wahlhelfer sind unter anderem für die Auszählung der Stimmen zuständig."
general,"Q106","people_society","In Deutschland helfen ehrenamtliche Wahlhelferinnen und Wahlhelfer bei den Wahlen. Was ist eine Aufgabe von Wahlhelferinnen/Wahlhelfern?","In Deutschland helfen ehrenamtliche Wahlhelferinnen und Wahlhelfer bei den Wahlen. Was ist eine Aufgabe von Wahlhelferinnen/Wahlhelfern?","Sie helfen Kindern und alten Menschen beim Wählen.","Sie helfen Kindern und alten Menschen beim Wählen.","Sie schreiben Karten und Briefe mit der Angabe des Wahllokals.","Sie schreiben Karten und Briefe mit der Angabe des Wahllokals.","Sie geben Zwischenergebnisse an Journalisten weiter.","Sie geben Zwischenergebnisse an Journalisten weiter.","Sie zählen die Stimmen nach dem Ende der Wahl.","Sie zählen die Stimmen nach dem Ende der Wahl.","Wahlhelferinnen und Wahlhelfer sind unter anderem für die Auszählung der Stimmen zuständig.","Wahlhelferinnen und Wahlhelfer sind unter anderem für die Auszählung der Stimmen zuständig."
general,"Q107","democracy","Für wie viele Jahre wird der Bundestag in Deutschland gewählt?","Für wie viele Jahre wird der Bundestag in Deutschland gewählt?","2 Jahre","2 Jahre","4 Jahre","4 Jahre","6 Jahre","6 Jahre","8 Jahre","8 Jahre","Die Wahlperiode des Deutschen Bundestags beträgt in der Regel vier Jahre (Art. 39 GG).","Die Wahlperiode des Deutschen Bundestags beträgt in der Regel vier Jahre (Art. 39 GG)."
general,"Q108","democracy","Bei einer Bundestagswahl in Deutschland darf jede/jeder wählen, die/der …","Bei einer Bundestagswahl in Deutschland darf jede/jeder wählen, die/der …","in der Bundesrepublik Deutschland wohnt und wählen möchte.","in der Bundesrepublik Deutschland wohnt und wählen möchte.","Bürgerin/Bürger der Bundesrepublik Deutschland ist und mindestens 18 Jahre alt ist.","Bürgerin/Bürger der Bundesrepublik Deutschland ist und mindestens 18 Jahre alt ist.","seit mindestens 3 Jahren in der Bundesrepublik Deutschland lebt.","seit mindestens 3 Jahren in der Bundesrepublik Deutschland lebt.","Bürgerin/Bürger der Bundesrepublik Deutschland ist und mindestens 21 Jahre alt ist.","Bürgerin/Bürger der Bundesrepublik Deutschland ist und mindestens 21 Jahre alt ist.","Aktives Wahlrecht zum Bundestag haben deutsche Staatsangehörige ab 18 Jahren.","Aktives Wahlrecht zum Bundestag haben deutsche Staatsangehörige ab 18 Jahren."
general,"Q109","democracy","Wie oft gibt es normalerweise Bundestagswahlen in Deutschland?","Wie oft gibt es normalerweise Bundestagswahlen in Deutschland?","alle drei Jahre","alle drei Jahre","alle vier Jahre","alle vier Jahre","alle fünf Jahre","alle fünf Jahre","alle sechs Jahre","alle sechs Jahre","Regelmäßig alle vier Jahre; Ausnahmen bei Auflösung des Bundestags möglich.","Regelmäßig alle vier Jahre; Ausnahmen bei Auflösung des Bundestags möglich."
general,"Q110","democracy","Für wie viele Jahre wird der Bundestag in Deutschland gewählt?","Für wie viele Jahre wird der Bundestag in Deutschland gewählt?","2 Jahre","2 Jahre","3 Jahre","3 Jahre","4 Jahre","4 Jahre","5 Jahre","5 Jahre","Auch hier ist die korrekte Antwort: vier Jahre (Art. 39 GG).","Auch hier ist die korrekte Antwort: vier Jahre (Art. 39 GG)."
general,"Q111","history_responsibility","Welche Handlungen mit Bezug auf den Staat Israel sind in Deutschland verboten?","Welche Handlungen mit Bezug auf den Staat Israel sind in Deutschland verboten?","die Politik Israels öffentlich kritisieren","die Politik Israels öffentlich kritisieren","das Aufhängen einer israelischen Flagge auf dem Privatgrundstück","das Aufhängen einer israelischen Flagge auf dem Privatgrundstück","eine Diskussion über die Politik Israels","eine Diskussion über die Politik Israels","der öffentliche Aufruf zur Vernichtung Israels","der öffentliche Aufruf zur Vernichtung Israels","Zum Völkermord aufzufordern ist strafbar (z. B. Volksverhetzung).","Zum Völkermord aufzufordern ist strafbar (z. B. Volksverhetzung)."
general,"Q112","democracy","Die Wahlen in Deutschland sind …","Die Wahlen in Deutschland sind …","speziell.","speziell.","geheim.","geheim.","berufsbezogen.","berufsbezogen.","geschlechtsabhängig.","geschlechtsabhängig.","Wahlen müssen u. a. geheim sein (Art. 38 GG).","Wahlen müssen u. a. geheim sein (Art. 38 GG)."
general,"Q113","democracy","Wahlen in Deutschland gewinnt die Partei, die …","Wahlen in Deutschland gewinnt die Partei, die …","die meisten Stimmen bekommt.","die meisten Stimmen bekommt.","die meisten Männer mehrheitlich gewählt haben.","die meisten Männer mehrheitlich gewählt haben.","die meisten Stimmen bei den Arbeiterinnen/Arbeitern bekommen hat.","die meisten Stimmen bei den Arbeiterinnen/Arbeitern bekommen hat.","die meisten Erststimmen für ihre Kanzlerkandidatin/ihren Kanzlerkandidaten erhalten hat.","die meisten Erststimmen für ihre Kanzlerkandidatin/ihren Kanzlerkandidaten erhalten hat.","Entscheidend ist die Mehrheit der abgegebenen Stimmen.","Entscheidend ist die Mehrheit der abgegebenen Stimmen."
general,"Q114","democracy","An demokratischen Wahlen in Deutschland teilzunehmen ist …","An demokratischen Wahlen in Deutschland teilzunehmen ist …","eine Pflicht.","eine Pflicht.","ein Recht.","ein Recht.","ein Zwang.","ein Zwang.","eine Last.","eine Last.","Es gibt Wahlrecht, aber keine Wahlpflicht.","Es gibt Wahlrecht, aber keine Wahlpflicht."
general,"Q115","democracy","Was bedeutet ""aktives Wahlrecht"" in Deutschland?","Was bedeutet ""aktives Wahlrecht"" in Deutschland?","Man kann gewählt werden.","Man kann gewählt werden.","Man muss wählen gehen.","Man muss wählen gehen.","Man kann wählen.","Man kann wählen.","Man muss zur Auszählung der Stimmen gehen.","Man muss zur Auszählung der Stimmen gehen.","Aktives Wahlrecht = das Recht, seine Stimme abzugeben.","Aktives Wahlrecht = das Recht, seine Stimme abzugeben."
general,"Q116","democracy","Wenn Sie bei einer Bundestagswahl in Deutschland wählen dürfen, heißt das …","Wenn Sie bei einer Bundestagswahl in Deutschland wählen dürfen, heißt das …","aktive Wahlkampagne.","aktive Wahlkampagne.","aktives Wahlverfahren.","aktives Wahlverfahren.","aktiver Wahlkampf.","aktiver Wahlkampf.","aktives Wahlrecht.","aktives Wahlrecht.","„Wählen dürfen“ bezeichnet das aktive Wahlrecht.","„Wählen dürfen“ bezeichnet das aktive Wahlrecht."
general,"Q117","democracy","Wie viel Prozent der Zweitstimmen müssen Parteien mindestens bekommen, um in den Deutschen Bundestag gewählt zu werden?","Wie viel Prozent der Zweitstimmen müssen Parteien mindestens bekommen, um in den Deutschen Bundestag gewählt zu werden?","3%","3%","4%","4%","5%","5%","6%","6%","Die Sperrklausel liegt bei 5 % der Zweitstimmen. Darunter erhält eine Partei keine Sitze im Bundestag.","Die Sperrklausel liegt bei 5 % der Zweitstimmen. Darunter erhält eine Partei keine Sitze im Bundestag."
general,"Q118","people_society","Wer darf bei den rund 40 jüdischen Makkabi-Sportvereinen Mitglied werden?","Wer darf bei den rund 40 jüdischen Makkabi-Sportvereinen Mitglied werden?","nur Deutsche","nur Deutsche","nur Israelis","nur Israelis","nur religiöse Menschen","nur religiöse Menschen","alle Menschen","alle Menschen","Die Makkabi-Vereine sind offen für alle Menschen.","Die Makkabi-Vereine sind offen für alle Menschen."
general,"Q119","democracy","Wahlen in Deutschland sind frei. Was bedeutet das?","Wahlen in Deutschland sind frei. Was bedeutet das?","Alle verurteilten Straftäterinnen/Straftäter dürfen nicht wählen.","Alle verurteilten Straftäterinnen/Straftäter dürfen nicht wählen.","Wenn ich wählen gehen möchte, muss meine Arbeitgeberin/mein Arbeitgeber mir frei geben.","Wenn ich wählen gehen möchte, muss meine Arbeitgeberin/mein Arbeitgeber mir frei geben.","Jede Person kann ohne Zwang entscheiden, ob sie wählen möchte und wen sie wählen möchte.","Jede Person kann ohne Zwang entscheiden, ob sie wählen möchte und wen sie wählen möchte.","Ich kann frei entscheiden, wo ich wählen gehen möchte.","Ich kann frei entscheiden, wo ich wählen gehen möchte.","Frei bedeutet: ohne Zwang und unzulässige Einflussnahme wählen.","Frei bedeutet: ohne Zwang und unzulässige Einflussnahme wählen."
general,"Q120","democracy","Das Wahlsystem in Deutschland ist ein …","Das Wahlsystem in Deutschland ist ein …","Zensuswahlrecht.","Zensuswahlrecht.","Dreiklassenwahlrecht.","Dreiklassenwahlrecht.","Mehrheits- und Verhältniswahlrecht.","Mehrheits- und Verhältniswahlrecht.","allgemeines Männerwahlrecht.","allgemeines Männerwahlrecht.","Personalisierte Verhältniswahl: Kombination aus Mehrheits- und Verhältniswahl.","Personalisierte Verhältniswahl: Kombination aus Mehrheits- und Verhältniswahl."
general,"Q121","democracy","Eine Partei möchte in den Deutschen Bundestag. Sie muss aber einen Mindestanteil an Wählerstimmen haben. Das heißt …","Eine Partei möchte in den Deutschen Bundestag. Sie muss aber einen Mindestanteil an Wählerstimmen haben. Das heißt …","5%-Hürde.","5%-Hürde.","Zulassungsgrenze.","Zulassungsgrenze.","Basiswert.","Basiswert.","Richtlinie.","Richtlinie.","Die 5%-Hürde begrenzt den Einzug sehr kleiner Parteien.","Die 5%-Hürde begrenzt den Einzug sehr kleiner Parteien."
general,"Q122","democracy","Welchem Grundsatz unterliegen Wahlen in Deutschland? Wahlen in Deutschland sind …","Welchem Grundsatz unterliegen Wahlen in Deutschland? Wahlen in Deutschland sind …","frei, gleich, geheim.","frei, gleich, geheim.","offen, sicher, frei.","offen, sicher, frei.","geschlossen, gleich, sicher.","geschlossen, gleich, sicher.","sicher, offen, freiwillig.","sicher, offen, freiwillig.","Grundsatz der freien, gleichen und geheimen Wahl (Art. 38 GG).","Grundsatz der freien, gleichen und geheimen Wahl (Art. 38 GG)."
general,"Q123","democracy","Was ist in Deutschland die ""5%-Hürde""?","Was ist in Deutschland die ""5%-Hürde""?","Abstimmungsregelung im Bundestag für kleine Parteien","Abstimmungsregelung im Bundestag für kleine Parteien","Anwesenheitskontrolle im Bundestag für Abstimmungen","Anwesenheitskontrolle im Bundestag für Abstimmungen","Mindestanteil an Wählerstimmen, um ins Parlament zu kommen","Mindestanteil an Wählerstimmen, um ins Parlament zu kommen","Anwesenheitskontrolle im Bundesrat für Abstimmungen","Anwesenheitskontrolle im Bundesrat für Abstimmungen","Parteien benötigen mindestens 5 % der Zweitstimmen für Sitze im Bundestag.","Parteien benötigen mindestens 5 % der Zweitstimmen für Sitze im Bundestag."
general,"Q124","democracy","Die Bundestagswahl in Deutschland ist die Wahl …","Die Bundestagswahl in Deutschland ist die Wahl …","der Bundeskanzlerin/des Bundeskanzlers.","der Bundeskanzlerin/des Bundeskanzlers.","der Parlamente der Länder.","der Parlamente der Länder.","des Parlaments für Deutschland.","des Parlaments für Deutschland.","der Bundespräsidentin/des Bundespräsidenten.","der Bundespräsidentin/des Bundespräsidenten.","Bei der Bundestagswahl wird das gesamtdeutsche Parlament gewählt.","Bei der Bundestagswahl wird das gesamtdeutsche Parlament gewählt."
general,"Q125","democracy","In einer Demokratie ist eine Funktion von regelmäßigen Wahlen, …","In einer Demokratie ist eine Funktion von regelmäßigen Wahlen, …","die Bürgerinnen und Bürger zu zwingen, ihre Stimme abzugeben.","die Bürgerinnen und Bürger zu zwingen, ihre Stimme abzugeben.","nach dem Willen der Wählermehrheit den Wechsel der Regierung zu ermöglichen.","nach dem Willen der Wählermehrheit den Wechsel der Regierung zu ermöglichen.","im Land bestehende Gesetze beizubehalten.","im Land bestehende Gesetze beizubehalten.","den Armen mehr Macht zu geben.","den Armen mehr Macht zu geben.","Wahlen ermöglichen einen friedlichen Regierungswechsel nach dem Willen der Mehrheit.","Wahlen ermöglichen einen friedlichen Regierungswechsel nach dem Willen der Mehrheit."
general,"Q126","democracy","Was bekommen wahlberechtigte Bürgerinnen und Bürger in Deutschland vor einer Wahl?","Was bekommen wahlberechtigte Bürgerinnen und Bürger in Deutschland vor einer Wahl?","eine Wahlbenachrichtigung von der Gemeinde","eine Wahlbenachrichtigung von der Gemeinde","eine Wahlerlaubnis von der Bundespräsidentin/von dem Bundespräsidenten","eine Wahlerlaubnis von der Bundespräsidentin/von dem Bundespräsidenten","eine Benachrichtigung von der Bundesversammlung","eine Benachrichtigung von der Bundesversammlung","eine Benachrichtigung vom Pfarramt","eine Benachrichtigung vom Pfarramt","Vor jeder Wahl wird eine Wahlbenachrichtigung durch die Gemeinde verschickt.","Vor jeder Wahl wird eine Wahlbenachrichtigung durch die Gemeinde verschickt."
general,"Q127","democracy","Warum gibt es die 5%-Hürde im Wahlgesetz der Bundesrepublik Deutschland?","Warum gibt es die 5%-Hürde im Wahlgesetz der Bundesrepublik Deutschland?","die Programme von vielen kleinen Parteien viele Gemeinsamkeiten haben.","die Programme von vielen kleinen Parteien viele Gemeinsamkeiten haben.","die Bürgerinnen und Bürger bei vielen kleinen Parteien die Orientierung verlieren könnten.","die Bürgerinnen und Bürger bei vielen kleinen Parteien die Orientierung verlieren könnten.","viele kleine Parteien die Regierungsbildung erschweren.","viele kleine Parteien die Regierungsbildung erschweren.","kleine Parteien nicht so viel Geld haben, um Politikerinnen und Politiker zu bezahlen.","kleine Parteien nicht so viel Geld haben, um Politikerinnen und Politiker zu bezahlen.","Die 5%-Hürde verhindert eine Zersplitterung des Parlaments und erleichtert die Regierungsbildung.","Die 5%-Hürde verhindert eine Zersplitterung des Parlaments und erleichtert die Regierungsbildung."
general,"Q128","democracy","Parlamentsmitglieder, die von den Bürgerinnen und Bürgern gewählt werden, nennt man …","Parlamentsmitglieder, die von den Bürgerinnen und Bürgern gewählt werden, nennt man …","Abgeordnete.","Abgeordnete.","Kanzlerinnen/Kanzler.","Kanzlerinnen/Kanzler.","Botschafterinnen/Botschafter.","Botschafterinnen/Botschafter.","Ministerpräsidentinnen/Ministerpräsidenten.","Ministerpräsidentinnen/Ministerpräsidenten.","Die Mitglieder des Bundestages heißen Abgeordnete.","Die Mitglieder des Bundestages heißen Abgeordnete."
general,"Q129","democracy","Vom Volk gewählt wird in Deutschland …","Vom Volk gewählt wird in Deutschland …","die Bundeskanzlerin/der Bundeskanzler.","die Bundeskanzlerin/der Bundeskanzler.","die Ministerpräsidentin/der Ministerpräsident eines Bundeslandes.","die Ministerpräsidentin/der Ministerpräsident eines Bundeslandes.","der Bundestag.","der Bundestag.","die Bundespräsidentin/der Bundespräsident.","die Bundespräsidentin/der Bundespräsident.","Das Volk wählt die Abgeordneten des Bundestages direkt.","Das Volk wählt die Abgeordneten des Bundestages direkt."
general,"Q130","democracy","Welcher Stimmzettel wäre bei einer Bundestagswahl gültig?","Welcher Stimmzettel wäre bei einer Bundestagswahl gültig?","1","1","2","2","3","3","4","4","Ein korrekt ausgefüllter Stimmzettel mit eindeutigem Kreuz gilt als gültig (laut Bundeswahlordnung).","Ein korrekt ausgefüllter Stimmzettel mit eindeutigem Kreuz gilt als gültig (laut Bundeswahlordnung)."
general,"Q131","democracy","In Deutschland ist eine Bürgermeisterin/ein Bürgermeister …","In Deutschland ist eine Bürgermeisterin/ein Bürgermeister …","die Leiterin/der Leiter einer Schule.","die Leiterin/der Leiter einer Schule.","die Chefin/der Chef einer Bank.","die Chefin/der Chef einer Bank.","das Oberhaupt einer Gemeinde.","das Oberhaupt einer Gemeinde.","die Vorsitzende/der Vorsitzende einer Partei.","die Vorsitzende/der Vorsitzende einer Partei.","Bürgermeisterinnen und Bürgermeister leiten die Verwaltung einer Gemeinde.","Bürgermeisterinnen und Bürgermeister leiten die Verwaltung einer Gemeinde."
general,"Q132","people_society","Viele Menschen in Deutschland arbeiten in ihrer Freizeit ehrenamtlich. Was bedeutet das?","Viele Menschen in Deutschland arbeiten in ihrer Freizeit ehrenamtlich. Was bedeutet das?","Sie arbeiten als Soldatinnen/Soldaten.","Sie arbeiten als Soldatinnen/Soldaten.","Sie arbeiten freiwillig und unbezahlt in Vereinen und Verbänden.","Sie arbeiten freiwillig und unbezahlt in Vereinen und Verbänden.","Sie arbeiten in der Bundesregierung.","Sie arbeiten in der Bundesregierung.","Sie arbeiten in einem Krankenhaus und verdienen dabei Geld.","Sie arbeiten in einem Krankenhaus und verdienen dabei Geld.","Ehrenamtlich heißt freiwillig und ohne Bezahlung - meist in Vereinen/Verbänden.","Ehrenamtlich heißt freiwillig und ohne Bezahlung - meist in Vereinen/Verbänden."
general,"Q133","democracy","Was ist bei Bundestags- und Landtagswahlen in Deutschland erlaubt?","Was ist bei Bundestags- und Landtagswahlen in Deutschland erlaubt?","Der Ehemann wählt für seine Frau mit.","Der Ehemann wählt für seine Frau mit.","Man kann durch Briefwahl seine Stimme abgeben.","Man kann durch Briefwahl seine Stimme abgeben.","Man kann am Wahltag telefonisch seine Stimme abgeben.","Man kann am Wahltag telefonisch seine Stimme abgeben.","Kinder ab dem Alter von 14 Jahren dürfen wählen.","Kinder ab dem Alter von 14 Jahren dürfen wählen.","Briefwahl ist zulässig; Stellvertretung, Telefonwahl und Kinderwahlrecht sind unzulässig.","Briefwahl ist zulässig; Stellvertretung, Telefonwahl und Kinderwahlrecht sind unzulässig."
general,"Q134","democracy","Man will die Buslinie abschaffen, mit der Sie immer zur Arbeit fahren. Was können Sie machen, um die Buslinie zu erhalten?","Man will die Buslinie abschaffen, mit der Sie immer zur Arbeit fahren. Was können Sie machen, um die Buslinie zu erhalten?","Ich beteilige mich an einer Bürgerinitiative für die Erhaltung der Buslinie oder gründe selber eine Initiative.","Ich beteilige mich an einer Bürgerinitiative für die Erhaltung der Buslinie oder gründe selber eine Initiative.","Ich werde Mitglied in einem Sportverein und trainiere Radfahren.","Ich werde Mitglied in einem Sportverein und trainiere Radfahren.","Ich wende mich an das Finanzamt, weil ich als Steuerzahlerin/Steuerzahler ein Recht auf die Buslinie habe.","Ich wende mich an das Finanzamt, weil ich als Steuerzahlerin/Steuerzahler ein Recht auf die Buslinie habe.","Ich schreibe einen Brief an das Forstamt der Gemeinde.","Ich schreibe einen Brief an das Forstamt der Gemeinde.","Bürgerinitiativen sind ein legitimes Mittel politischer Teilhabe auf kommunaler Ebene.","Bürgerinitiativen sind ein legitimes Mittel politischer Teilhabe auf kommunaler Ebene."
general,"Q135","people_society","Wen vertreten die Gewerkschaften in Deutschland?","Wen vertreten die Gewerkschaften in Deutschland?","große Unternehmen","große Unternehmen","kleine Unternehmen","kleine Unternehmen","Selbstständige","Selbstständige","Arbeitnehmerinnen und Arbeitnehmer","Arbeitnehmerinnen und Arbeitnehmer","Gewerkschaften sind Interessenvertretungen der Beschäftigten.","Gewerkschaften sind Interessenvertretungen der Beschäftigten."
general,"Q136","people_society","Sie gehen in Deutschland zum Arbeitsgericht bei …","Sie gehen in Deutschland zum Arbeitsgericht bei …","falscher Nebenkostenabrechnung.","falscher Nebenkostenabrechnung.","ungerechtfertigter Kündigung durch Ihre Chefin/Ihren Chef.","ungerechtfertigter Kündigung durch Ihre Chefin/Ihren Chef.","Problemen mit den Nachbarinnen/Nachbarn.","Problemen mit den Nachbarinnen/Nachbarn.","Schwierigkeiten nach einem Verkehrsunfall.","Schwierigkeiten nach einem Verkehrsunfall.","Arbeitsgerichte sind für Streitigkeiten zwischen Arbeitnehmern und Arbeitgebern zuständig.","Arbeitsgerichte sind für Streitigkeiten zwischen Arbeitnehmern und Arbeitgebern zuständig."
general,"Q137","people_society","Welches Gericht ist in Deutschland bei Konflikten in der Arbeitswelt zuständig?","Welches Gericht ist in Deutschland bei Konflikten in der Arbeitswelt zuständig?","das Familiengericht","das Familiengericht","das Strafgericht","das Strafgericht","das Arbeitsgericht","das Arbeitsgericht","das Amtsgericht","das Amtsgericht","Arbeitsgerichte entscheiden arbeitsrechtliche Konflikte.","Arbeitsgerichte entscheiden arbeitsrechtliche Konflikte."
general,"Q138","people_society","Was kann ich in Deutschland machen, wenn mir meine Arbeitgeberin/mein Arbeitgeber zu Unrecht gekündigt hat?","Was kann ich in Deutschland machen, wenn mir meine Arbeitgeberin/mein Arbeitgeber zu Unrecht gekündigt hat?","weiterarbeiten und freundlich zur Chefin/zum Chef sein","weiterarbeiten und freundlich zur Chefin/zum Chef sein","ein Mahnverfahren gegen die Arbeitgeberin/den Arbeitgeber führen","ein Mahnverfahren gegen die Arbeitgeberin/den Arbeitgeber führen","Kündigungsschutzklage erheben","Kündigungsschutzklage erheben","die Arbeitgeberin/den Arbeitgeber bei der Polizei anzeigen","die Arbeitgeberin/den Arbeitgeber bei der Polizei anzeigen","Gegen eine unwirksame Kündigung hilft die Kündigungsschutzklage (Frist i. d. R. 3 Wochen).","Gegen eine unwirksame Kündigung hilft die Kündigungsschutzklage (Frist i. d. R. 3 Wochen)."
general,"Q139","democracy","Wann kommt es in Deutschland zu einem Prozess vor Gericht? Wenn jemand …","Wann kommt es in Deutschland zu einem Prozess vor Gericht? Wenn jemand …","zu einer anderen Religion übertritt.","zu einer anderen Religion übertritt.","eine Straftat begangen hat und angeklagt wird.","eine Straftat begangen hat und angeklagt wird.","eine andere Meinung als die der Regierung vertritt.","eine andere Meinung als die der Regierung vertritt.","sein Auto falsch geparkt hat und es abgeschleppt wird.","sein Auto falsch geparkt hat und es abgeschleppt wird.","Ein Prozess findet bei Klage/Anklage statt – z. B. nach Straftaten.","Ein Prozess findet bei Klage/Anklage statt – z. B. nach Straftaten."
general,"Q140","democracy","Was macht eine Schöffin/ein Schöffe in Deutschland? Sie/Er …","Was macht eine Schöffin/ein Schöffe in Deutschland? Sie/Er …","entscheidet mit Richterinnen/Richtern über Schuld und Strafe.","entscheidet mit Richterinnen/Richtern über Schuld und Strafe.","gibt Bürgerinnen/Bürgern rechtlichen Rat.","gibt Bürgerinnen/Bürgern rechtlichen Rat.","stellt Urkunden aus.","stellt Urkunden aus.","verteidigt die Angeklagte/den Angeklagten.","verteidigt die Angeklagte/den Angeklagten.","Schöffinnen/Schöffen sind ehrenamtliche Richter in Strafprozessen.","Schöffinnen/Schöffen sind ehrenamtliche Richter in Strafprozessen."
general,"Q141","people_society","Wer berät in Deutschland Personen bei Rechtsfragen und vertritt sie vor Gericht?","Wer berät in Deutschland Personen bei Rechtsfragen und vertritt sie vor Gericht?","eine Rechtsanwältin/ein Rechtsanwalt","eine Rechtsanwältin/ein Rechtsanwalt","eine Richterin/ein Richter","eine Richterin/ein Richter","eine Schöffin/ein Schöffe","eine Schöffin/ein Schöffe","eine Staatsanwältin/ein Staatsanwalt","eine Staatsanwältin/ein Staatsanwalt","Rechtsanwältinnen/Rechtsanwälte beraten und vertreten Mandantinnen/Mandanten.","Rechtsanwältinnen/Rechtsanwälte beraten und vertreten Mandantinnen/Mandanten."
general,"Q142","democracy","Was ist die Hauptaufgabe einer Richterin/eines Richters in Deutschland? Eine Richterin/ein Richter …","Was ist die Hauptaufgabe einer Richterin/eines Richters in Deutschland? Eine Richterin/ein Richter …","vertritt Bürgerinnen und Bürger vor einem Gericht.","vertritt Bürgerinnen und Bürger vor einem Gericht.","arbeitet an einem Gericht und spricht Urteile.","arbeitet an einem Gericht und spricht Urteile.","ändert Gesetze.","ändert Gesetze.","betreut Jugendliche vor Gericht.","betreut Jugendliche vor Gericht.","Richterinnen/Richter sprechen Recht (Urteile, Beschlüsse) auf Grundlage der Gesetze.","Richterinnen/Richter sprechen Recht (Urteile, Beschlüsse) auf Grundlage der Gesetze."
general,"Q143","democracy","Eine Richterin/ein Richter in Deutschland gehört zur …","Eine Richterin/ein Richter in Deutschland gehört zur …","Judikative.","Judikative.","Exekutive.","Exekutive.","Operative.","Operative.","Legislative.","Legislative.","Die richterliche Gewalt ist die Judikative (neben Legislative und Exekutive).","Die richterliche Gewalt ist die Judikative (neben Legislative und Exekutive)."
general,"Q144","democracy","Eine Richterin/ein Richter gehört in Deutschland zur …","Eine Richterin/ein Richter gehört in Deutschland zur …","vollziehenden Gewalt.","vollziehenden Gewalt.","rechtsprechenden Gewalt.","rechtsprechenden Gewalt.","planenden Gewalt.","planenden Gewalt.","gesetzgebenden Gewalt.","gesetzgebenden Gewalt.","Richterinnen und Richter üben die rechtsprechende Gewalt (Judikative) aus.","Richterinnen und Richter üben die rechtsprechende Gewalt (Judikative) aus."
general,"Q145","democracy","In Deutschland wird die Staatsgewalt geteilt. Für welche Staatsgewalt arbeitet eine Richterin/ein Richter?","In Deutschland wird die Staatsgewalt geteilt. Für welche Staatsgewalt arbeitet eine Richterin/ein Richter?","Judikative","Judikative","Exekutive","Exekutive","Presse","Presse","Legislative","Legislative","Richterinnen und Richter gehören der Judikative an.","Richterinnen und Richter gehören der Judikative an."
general,"Q146","democracy","Wie nennt man in Deutschland ein Verfahren vor einem Gericht?","Wie nennt man in Deutschland ein Verfahren vor einem Gericht?","Programm","Programm","Prozedur","Prozedur","Protokoll","Protokoll","Prozess","Prozess","Ein Verfahren vor Gericht heißt Prozess.","Ein Verfahren vor Gericht heißt Prozess."
general,"Q147","democracy","Was ist die Arbeit einer Richterin/eines Richters in Deutschland?","Was ist die Arbeit einer Richterin/eines Richters in Deutschland?","Deutschland regieren","Deutschland regieren","Recht sprechen","Recht sprechen","Pläne erstellen","Pläne erstellen","Gesetze erlassen","Gesetze erlassen","Richterinnen und Richter sprechen Recht und wenden Gesetze an.","Richterinnen und Richter sprechen Recht und wenden Gesetze an."
general,"Q148","democracy","Was ist eine Aufgabe der Polizei in Deutschland?","Was ist eine Aufgabe der Polizei in Deutschland?","das Land zu verteidigen","das Land zu verteidigen","die Bürgerinnen und Bürger abzuhören","die Bürgerinnen und Bürger abzuhören","die Gesetze zu beschließen","die Gesetze zu beschließen","die Einhaltung von Gesetzen zu überwachen","die Einhaltung von Gesetzen zu überwachen","Die Polizei überwacht die Einhaltung der Gesetze (Exekutive).","Die Polizei überwacht die Einhaltung der Gesetze (Exekutive)."
general,"Q149","history_responsibility","Was ist ein Beispiel für antisemitisches Verhalten?","Was ist ein Beispiel für antisemitisches Verhalten?","ein jüdisches Fest besuchen","ein jüdisches Fest besuchen","die israelische Regierung kritisieren","die israelische Regierung kritisieren","den Holocaust leugnen","den Holocaust leugnen","gegen Juden Fußball spielen","gegen Juden Fußball spielen","Das Leugnen des Holocaust ist antisemitisch und in Deutschland strafbar.","Das Leugnen des Holocaust ist antisemitisch und in Deutschland strafbar."
general,"Q150","democracy","Eine Gerichtsschöffin/ein Gerichtsschöffe in Deutschland ist …","Eine Gerichtsschöffin/ein Gerichtsschöffe in Deutschland ist …","die Stellvertreterin/der Stellvertreter des Stadtoberhaupts.","die Stellvertreterin/der Stellvertreter des Stadtoberhaupts.","eine ehrenamtliche Richterin/ein ehrenamtlicher Richter.","eine ehrenamtliche Richterin/ein ehrenamtlicher Richter.","ein Mitglied eines Gemeinderats.","ein Mitglied eines Gemeinderats.","eine Person, die Jura studiert hat.","eine Person, die Jura studiert hat.","Schöffinnen und Schöffen sind ehrenamtliche Richterinnen und Richter in Strafverfahren.","Schöffinnen und Schöffen sind ehrenamtliche Richterinnen und Richter in Strafverfahren."
general,"Q151","history_responsibility","Wer baute die Mauer in Berlin?","Wer baute die Mauer in Berlin?","Großbritannien","Großbritannien","die DDR","die DDR","die Bundesrepublik Deutschland","die Bundesrepublik Deutschland","die USA","die USA","Die DDR errichtete 1961 die Berliner Mauer, um die Flucht nach West-Berlin zu verhindern.","Die DDR errichtete 1961 die Berliner Mauer, um die Flucht nach West-Berlin zu verhindern."
general,"Q152","history_responsibility","Wann waren die Nationalsozialisten mit Adolf Hitler in Deutschland an der Macht?","Wann waren die Nationalsozialisten mit Adolf Hitler in Deutschland an der Macht?","1918 bis 1923","1918 bis 1923","1932 bis 1950","1932 bis 1950","1933 bis 1945","1933 bis 1945","1945 bis 1989","1945 bis 1989","Die NS-Diktatur dauerte von 1933 bis 1945.","Die NS-Diktatur dauerte von 1933 bis 1945."
general,"Q153","history_responsibility","Was war am 8. Mai 1945?","Was war am 8. Mai 1945?","Tod Adolf Hitlers","Tod Adolf Hitlers","Beginn des Berliner Mauerbaus","Beginn des Berliner Mauerbaus","Wahl von Konrad Adenauer zum Bundeskanzler","Wahl von Konrad Adenauer zum Bundeskanzler","Ende des Zweiten Weltkriegs in Europa","Ende des Zweiten Weltkriegs in Europa","Am 8. Mai 1945 endete der Zweite Weltkrieg in Europa mit der Kapitulation Deutschlands.","Am 8. Mai 1945 endete der Zweite Weltkrieg in Europa mit der Kapitulation Deutschlands."
general,"Q154","history_responsibility","Wann war der Zweite Weltkrieg zu Ende?","Wann war der Zweite Weltkrieg zu Ende?","1933","1933","1945","1945","1949","1949","1961","1961","Der Zweite Weltkrieg endete 1945.","Der Zweite Weltkrieg endete 1945."
general,"Q155","history_responsibility","Wann waren die Nationalsozialisten in Deutschland an der Macht?","Wann waren die Nationalsozialisten in Deutschland an der Macht?","1888 bis 1918","1888 bis 1918","1921 bis 1934","1921 bis 1934","1933 bis 1945","1933 bis 1945","1949 bis 1961","1949 bis 1961","Die NSDAP regierte Deutschland von 1933 bis 1945.","Die NSDAP regierte Deutschland von 1933 bis 1945."
general,"Q156","history_responsibility","In welchem Jahr wurde Hitler Reichskanzler?","In welchem Jahr wurde Hitler Reichskanzler?","1923","1923","1927","1927","1933","1933","1936","1936","Adolf Hitler wurde am 30. Januar 1933 zum Reichskanzler ernannt.","Adolf Hitler wurde am 30. Januar 1933 zum Reichskanzler ernannt."
general,"Q157","history_responsibility","Die Nationalsozialisten mit Adolf Hitler errichteten 1933 in Deutschland …","Die Nationalsozialisten mit Adolf Hitler errichteten 1933 in Deutschland …","eine Diktatur.","eine Diktatur.","einen demokratischen Staat.","einen demokratischen Staat.","eine Monarchie.","eine Monarchie.","ein Fürstentum.","ein Fürstentum.","1933 errichteten die Nationalsozialisten eine Diktatur.","1933 errichteten die Nationalsozialisten eine Diktatur."
general,"Q158","history_responsibility","Das 'Dritte Reich' war eine …","Das 'Dritte Reich' war eine …","Diktatur.","Diktatur.","Demokratie.","Demokratie.","Monarchie.","Monarchie.","Räterepublik.","Räterepublik.","Das sogenannte 'Dritte Reich' war die Diktatur der Nationalsozialisten.","Das sogenannte 'Dritte Reich' war die Diktatur der Nationalsozialisten."
general,"Q159","history_responsibility","Was gab es in Deutschland nicht während der Zeit des Nationalsozialismus?","Was gab es in Deutschland nicht während der Zeit des Nationalsozialismus?","freie Wahlen","freie Wahlen","Pressezensur","Pressezensur","willkürliche Verhaftungen","willkürliche Verhaftungen","Verfolgung von Juden","Verfolgung von Juden","In der NS-Zeit gab es keine freien Wahlen.","In der NS-Zeit gab es keine freien Wahlen."
general,"Q160","history_responsibility","Welcher Krieg dauerte von 1939 bis 1945?","Welcher Krieg dauerte von 1939 bis 1945?","der Erste Weltkrieg","der Erste Weltkrieg","der Zweite Weltkrieg","der Zweite Weltkrieg","der Vietnamkrieg","der Vietnamkrieg","der Golfkrieg","der Golfkrieg","Der Zweite Weltkrieg dauerte von 1939 bis 1945.","Der Zweite Weltkrieg dauerte von 1939 bis 1945."
general,"Q161","history_responsibility","Was kennzeichnete den NS-Staat? Eine Politik …","Was kennzeichnete den NS-Staat? Eine Politik …","des staatlichen Rassismus","des staatlichen Rassismus","der Meinungsfreiheit","der Meinungsfreiheit","der allgemeinen Religionsfreiheit","der allgemeinen Religionsfreiheit","der Entwicklung der Demokratie","der Entwicklung der Demokratie","Der NS-Staat war geprägt von Rassismus, Verfolgung und Gewalt.","Der NS-Staat war geprägt von Rassismus, Verfolgung und Gewalt."
general,"Q162","history_responsibility","Claus Schenk Graf von Stauffenberg wurde bekannt durch …","Claus Schenk Graf von Stauffenberg wurde bekannt durch …","eine Goldmedaille bei den Olympischen Spielen 1936.","eine Goldmedaille bei den Olympischen Spielen 1936.","den Bau des Reichstagsgebäudes.","den Bau des Reichstagsgebäudes.","den Aufbau der Wehrmacht.","den Aufbau der Wehrmacht.","das Attentat auf Hitler am 20. Juli 1944.","das Attentat auf Hitler am 20. Juli 1944.","Stauffenberg war der zentrale Akteur des Attentats auf Hitler am 20. Juli 1944.","Stauffenberg war der zentrale Akteur des Attentats auf Hitler am 20. Juli 1944."
general,"Q163","history_responsibility","In welchem Jahr zerstörten die Nationalsozialisten Synagogen und jüdische Geschäfte in Deutschland?","In welchem Jahr zerstörten die Nationalsozialisten Synagogen und jüdische Geschäfte in Deutschland?","1925","1925","1930","1930","1938","1938","1945","1945","Im Novemberpogrom 1938 (‚Reichspogromnacht‘) wurden Synagogen und jüdische Geschäfte zerstört.","Im Novemberpogrom 1938 (‚Reichspogromnacht‘) wurden Synagogen und jüdische Geschäfte zerstört."
general,"Q164","history_responsibility","Was passierte am 9. November 1938 in Deutschland?","Was passierte am 9. November 1938 in Deutschland?","Mit dem Angriff auf Polen beginnt der Zweite Weltkrieg.","Mit dem Angriff auf Polen beginnt der Zweite Weltkrieg.","Die Nationalsozialisten verlieren eine Wahl und lösen den Reichstag auf.","Die Nationalsozialisten verlieren eine Wahl und lösen den Reichstag auf.","Jüdische Geschäfte und Synagogen werden durch Nationalsozialisten und ihre Anhänger zerstört.","Jüdische Geschäfte und Synagogen werden durch Nationalsozialisten und ihre Anhänger zerstört.","Hitler wird Reichspräsident und lässt alle Parteien verbieten.","Hitler wird Reichspräsident und lässt alle Parteien verbieten.","Am 9. November 1938 kam es zur Reichspogromnacht, in der jüdische Geschäfte und Synagogen zerstört wurden.","Am 9. November 1938 kam es zur Reichspogromnacht, in der jüdische Geschäfte und Synagogen zerstört wurden."
general,"Q165","history_responsibility","Wie hieß der erste Bundeskanzler der Bundesrepublik Deutschland?","Wie hieß der erste Bundeskanzler der Bundesrepublik Deutschland?","Konrad Adenauer","Konrad Adenauer","Kurt Georg Kiesinger","Kurt Georg Kiesinger","Helmut Schmidt","Helmut Schmidt","Willy Brandt","Willy Brandt","Konrad Adenauer war von 1949 bis 1963 der erste Bundeskanzler der Bundesrepublik Deutschland.","Konrad Adenauer war von 1949 bis 1963 der erste Bundeskanzler der Bundesrepublik Deutschland."
general,"Q166","history_responsibility","Bei welchen Demonstrationen in Deutschland riefen die Menschen 'Wir sind das Volk'?","Bei welchen Demonstrationen in Deutschland riefen die Menschen 'Wir sind das Volk'?","beim Arbeiteraufstand 1953 in der DDR","beim Arbeiteraufstand 1953 in der DDR","bei den Demonstrationen 1968 in der Bundesrepublik Deutschland","bei den Demonstrationen 1968 in der Bundesrepublik Deutschland","bei den Anti-Atomkraft-Demonstrationen 1985 in der Bundesrepublik Deutschland","bei den Anti-Atomkraft-Demonstrationen 1985 in der Bundesrepublik Deutschland","bei den Montagsdemonstrationen 1989 in der DDR","bei den Montagsdemonstrationen 1989 in der DDR","Der Ruf 'Wir sind das Volk' war das Symbol der Montagsdemonstrationen 1989 in der DDR.","Der Ruf 'Wir sind das Volk' war das Symbol der Montagsdemonstrationen 1989 in der DDR."
general,"Q167","history_responsibility","Welche Länder wurden nach dem Zweiten Weltkrieg in Deutschland als 'Alliierte Besatzungsmächte' bezeichnet?","Welche Länder wurden nach dem Zweiten Weltkrieg in Deutschland als 'Alliierte Besatzungsmächte' bezeichnet?","Sowjetunion, Großbritannien, Polen, Schweden","Sowjetunion, Großbritannien, Polen, Schweden","Frankreich, Sowjetunion, Italien, Japan","Frankreich, Sowjetunion, Italien, Japan","USA, Sowjetunion, Spanien, Portugal","USA, Sowjetunion, Spanien, Portugal","USA, Sowjetunion, Großbritannien, Frankreich","USA, Sowjetunion, Großbritannien, Frankreich","Nach 1945 teilten die vier Siegermächte USA, Großbritannien, Frankreich und Sowjetunion Deutschland in Besatzungszonen.","Nach 1945 teilten die vier Siegermächte USA, Großbritannien, Frankreich und Sowjetunion Deutschland in Besatzungszonen."
general,"Q168","history_responsibility","Welches Land war keine 'Alliierte Besatzungsmacht' in Deutschland?","Welches Land war keine 'Alliierte Besatzungsmacht' in Deutschland?","USA","USA","Sowjetunion","Sowjetunion","Frankreich","Frankreich","Japan","Japan","Japan war im Zweiten Weltkrieg Verbündeter Deutschlands, nicht Besatzungsmacht.","Japan war im Zweiten Weltkrieg Verbündeter Deutschlands, nicht Besatzungsmacht."
general,"Q169","history_responsibility","Wann wurde die Bundesrepublik Deutschland gegründet?","Wann wurde die Bundesrepublik Deutschland gegründet?","1939","1939","1945","1945","1949","1949","1951","1951","Die Bundesrepublik Deutschland wurde am 23. Mai 1949 gegründet.","Die Bundesrepublik Deutschland wurde am 23. Mai 1949 gegründet."
general,"Q170","history_responsibility","Was gab es während der Zeit des Nationalsozialismus in Deutschland?","Was gab es während der Zeit des Nationalsozialismus in Deutschland?","das Verbot von Parteien","das Verbot von Parteien","das Recht zur freien Entfaltung der Persönlichkeit","das Recht zur freien Entfaltung der Persönlichkeit","Pressefreiheit","Pressefreiheit","den Schutz der Menschenwürde","den Schutz der Menschenwürde","Im NS-Staat waren alle Parteien außer der NSDAP verboten.","Im NS-Staat waren alle Parteien außer der NSDAP verboten."
general,"Q171","people_society","Soziale Marktwirtschaft bedeutet, die Wirtschaft …","Soziale Marktwirtschaft bedeutet, die Wirtschaft …","steuert sich allein nach Angebot und Nachfrage.","steuert sich allein nach Angebot und Nachfrage.","richtet sich nach den kirchlichen Regeln.","richtet sich nach den kirchlichen Regeln.","wird vom Staat geplant und gesteuert.","wird vom Staat geplant und gesteuert.","orientiert sich an Marktprinzipien mit sozialem Ausgleich.","orientiert sich an Marktprinzipien mit sozialem Ausgleich.","Die soziale Marktwirtschaft verbindet freie Marktwirtschaft mit sozialer Verantwortung.","Die soziale Marktwirtschaft verbindet freie Marktwirtschaft mit sozialer Verantwortung."
general,"Q172","history_responsibility","In welcher Besatzungszone wurde die DDR gegründet? In der …","In welcher Besatzungszone wurde die DDR gegründet? In der …","amerikanischen Besatzungszone","amerikanischen Besatzungszone","französischen Besatzungszone","französischen Besatzungszone","britischen Besatzungszone","britischen Besatzungszone","sowjetischen Besatzungszone","sowjetischen Besatzungszone","Die DDR entstand 1949 in der sowjetischen Besatzungszone.","Die DDR entstand 1949 in der sowjetischen Besatzungszone."
general,"Q173","history_responsibility","Die Bundesrepublik Deutschland ist ein Gründungsmitglied …","Die Bundesrepublik Deutschland ist ein Gründungsmitglied …","des Nordatlantikpakts (NATO).","des Nordatlantikpakts (NATO).","der Vereinten Nationen (VN).","der Vereinten Nationen (VN).","der Europäischen Union (EU).","der Europäischen Union (EU).","des Warschauer Pakts.","des Warschauer Pakts.","Deutschland war Mitgründer der Vorläuferorganisationen der EU (EGKS/EWG).","Deutschland war Mitgründer der Vorläuferorganisationen der EU (EGKS/EWG)."
general,"Q174","history_responsibility","Wann wurde die DDR gegründet?","Wann wurde die DDR gegründet?","1947","1947","1949","1949","1953","1953","1956","1956","Die DDR wurde am 7. Oktober 1949 gegründet.","Die DDR wurde am 7. Oktober 1949 gegründet."
general,"Q175","history_responsibility","Wie viele Besatzungszonen gab es in Deutschland nach dem Zweiten Weltkrieg?","Wie viele Besatzungszonen gab es in Deutschland nach dem Zweiten Weltkrieg?","3","3","4","4","5","5","6","6","Deutschland wurde nach 1945 in vier Besatzungszonen aufgeteilt.","Deutschland wurde nach 1945 in vier Besatzungszonen aufgeteilt."
general,"Q176","history_responsibility","Wie waren die Besatzungszonen Deutschlands nach 1945 verteilt?","Wie waren die Besatzungszonen Deutschlands nach 1945 verteilt?","1=Großbritannien, 2=Sowjetunion, 3=Frankreich, 4=USA","1=Großbritannien, 2=Sowjetunion, 3=Frankreich, 4=USA","1=Sowjetunion, 2=Großbritannien, 3=USA, 4=Frankreich","1=Sowjetunion, 2=Großbritannien, 3=USA, 4=Frankreich","1=Großbritannien, 2=Sowjetunion, 3=USA, 4=Frankreich","1=Großbritannien, 2=Sowjetunion, 3=USA, 4=Frankreich","1=Großbritannien, 2=USA, 3=Sowjetunion, 4=Frankreich","1=Großbritannien, 2=USA, 3=Sowjetunion, 4=Frankreich","Die Besatzungszonen waren: 1=Großbritannien, 2=Sowjetunion, 3=USA, 4=Frankreich.","Die Besatzungszonen waren: 1=Großbritannien, 2=Sowjetunion, 3=USA, 4=Frankreich."
general,"Q177","history_responsibility","Welche deutsche Stadt wurde nach dem Zweiten Weltkrieg in vier Sektoren aufgeteilt?","Welche deutsche Stadt wurde nach dem Zweiten Weltkrieg in vier Sektoren aufgeteilt?","München","München","Berlin","Berlin","Dresden","Dresden","Frankfurt/Oder","Frankfurt/Oder","Berlin, als Hauptstadt, wurde in vier Sektoren der Alliierten aufgeteilt.","Berlin, als Hauptstadt, wurde in vier Sektoren der Alliierten aufgeteilt."
general,"Q178","history_responsibility","Vom Juni 1948 bis zum Mai 1949 wurden die Bürgerinnen und Bürger von West-Berlin durch eine Luftbrücke versorgt. Welcher Umstand war dafür verantwortlich?","Vom Juni 1948 bis zum Mai 1949 wurden die Bürgerinnen und Bürger von West-Berlin durch eine Luftbrücke versorgt. Welcher Umstand war dafür verantwortlich?","Für Frankreich war eine Versorgung mit dem Flugzeug kostengünstiger.","Für Frankreich war eine Versorgung mit dem Flugzeug kostengünstiger.","Die amerikanischen Soldatinnen und Soldaten hatten beim Landtransport Angst vor Überfällen.","Die amerikanischen Soldatinnen und Soldaten hatten beim Landtransport Angst vor Überfällen.","Für Großbritannien war die Versorgung über die Luftbrücke schneller.","Für Großbritannien war die Versorgung über die Luftbrücke schneller.","Die Sowjetunion unterbrach den gesamten Verkehr auf dem Landwege.","Die Sowjetunion unterbrach den gesamten Verkehr auf dem Landwege.","Die sowjetische Blockade sämtlicher Landwege machte die Luftbrücke durch die Westalliierten notwendig.","Die sowjetische Blockade sämtlicher Landwege machte die Luftbrücke durch die Westalliierten notwendig."
general,"Q179","history_responsibility","Wie endete der Zweite Weltkrieg in Europa offiziell?","Wie endete der Zweite Weltkrieg in Europa offiziell?","mit dem Tod Adolf Hitlers","mit dem Tod Adolf Hitlers","durch die bedingungslose Kapitulation Deutschlands","durch die bedingungslose Kapitulation Deutschlands","mit dem Rückzug der Deutschen aus den besetzten Gebieten","mit dem Rückzug der Deutschen aus den besetzten Gebieten","durch eine Revolution in Deutschland","durch eine Revolution in Deutschland","Am 8. Mai 1945 kapitulierte Deutschland bedingungslos.","Am 8. Mai 1945 kapitulierte Deutschland bedingungslos."
general,"Q180","history_responsibility","Wer war der erste Bundeskanzler der Bundesrepublik Deutschland?","Wer war der erste Bundeskanzler der Bundesrepublik Deutschland?","Ludwig Erhard","Ludwig Erhard","Willy Brandt","Willy Brandt","Konrad Adenauer","Konrad Adenauer","Gerhard Schröder","Gerhard Schröder","Konrad Adenauer amtierte von 1949 bis 1963 als erster Bundeskanzler.","Konrad Adenauer amtierte von 1949 bis 1963 als erster Bundeskanzler."
general,"Q181","history_responsibility","Was wollte Willy Brandt mit seinem Kniefall 1970 im ehemaligen jüdischen Ghetto in Warschau ausdrücken?","Was wollte Willy Brandt mit seinem Kniefall 1970 im ehemaligen jüdischen Ghetto in Warschau ausdrücken?","Er hat sich den ehemaligen Alliierten unterworfen.","Er hat sich den ehemaligen Alliierten unterworfen.","Er bat Polen und die polnischen Juden um Vergebung.","Er bat Polen und die polnischen Juden um Vergebung.","Er zeigte seine Demut vor dem Warschauer Pakt.","Er zeigte seine Demut vor dem Warschauer Pakt.","Er sprach ein Gebet am Grab des Unbekannten Soldaten.","Er sprach ein Gebet am Grab des Unbekannten Soldaten.","Der Kniefall war ein Symbol der Bitte um Vergebung für die NS-Verbrechen.","Der Kniefall war ein Symbol der Bitte um Vergebung für die NS-Verbrechen."
general,"Q182","people_society","Wie heißt das jüdische Gebetshaus?","Wie heißt das jüdische Gebetshaus?","Basilika","Basilika","Moschee","Moschee","Synagoge","Synagoge","Kirche","Kirche","Das jüdische Gotteshaus heißt Synagoge.","Das jüdische Gotteshaus heißt Synagoge."
general,"Q183","history_responsibility","Wann war in der Bundesrepublik Deutschland das 'Wirtschaftswunder'?","Wann war in der Bundesrepublik Deutschland das 'Wirtschaftswunder'?","40er Jahre","40er Jahre","50er Jahre","50er Jahre","70er Jahre","70er Jahre","80er Jahre","80er Jahre","Als Wirtschaftswunder gilt der starke Aufschwung der 1950er Jahre.","Als Wirtschaftswunder gilt der starke Aufschwung der 1950er Jahre."
general,"Q184","history_responsibility","Auf welcher rechtlichen Grundlage wurde der Staat Israel gegründet?","Auf welcher rechtlichen Grundlage wurde der Staat Israel gegründet?","eine Resolution der Vereinten Nationen","eine Resolution der Vereinten Nationen","ein Beschluss des Zionistenkongresses","ein Beschluss des Zionistenkongresses","ein Vorschlag der Bundesregierung","ein Vorschlag der Bundesregierung","ein Vorschlag der UdSSR","ein Vorschlag der UdSSR","Israel wurde 1948 auf Grundlage einer Resolution der Vereinten Nationen gegründet.","Israel wurde 1948 auf Grundlage einer Resolution der Vereinten Nationen gegründet."
general,"Q185","history_responsibility","Wofür stand der Ausdruck 'Eiserner Vorhang'? Für die Abschottung …","Wofür stand der Ausdruck 'Eiserner Vorhang'? Für die Abschottung …","des Warschauer Pakts gegen den Westen","des Warschauer Pakts gegen den Westen","Norddeutschlands gegen Süddeutschland","Norddeutschlands gegen Süddeutschland","Nazi-Deutschlands gegen die Alliierten","Nazi-Deutschlands gegen die Alliierten","Europas gegen die USA","Europas gegen die USA","Der 'Eiserne Vorhang' bezeichnete die politische Trennung Europas während des Kalten Krieges.","Der 'Eiserne Vorhang' bezeichnete die politische Trennung Europas während des Kalten Krieges."
general,"Q186","history_responsibility","Im Jahr 1953 gab es in der DDR einen Aufstand, an den lange Zeit in der Bundesrepublik Deutschland ein Feiertag erinnerte. Wann war das?","Im Jahr 1953 gab es in der DDR einen Aufstand, an den lange Zeit in der Bundesrepublik Deutschland ein Feiertag erinnerte. Wann war das?","1. Mai","1. Mai","17. Juni","17. Juni","20. Juli","20. Juli","9. November","9. November","Der Volksaufstand vom 17. Juni 1953 wurde in der BRD als Tag der Deutschen Einheit gefeiert.","Der Volksaufstand vom 17. Juni 1953 wurde in der BRD als Tag der Deutschen Einheit gefeiert."
general,"Q187","history_responsibility","Welcher deutsche Staat hatte eine schwarz-rot-goldene Flagge mit Hammer, Zirkel und Ährenkranz?","Welcher deutsche Staat hatte eine schwarz-rot-goldene Flagge mit Hammer, Zirkel und Ährenkranz?","Preußen","Preußen","Bundesrepublik Deutschland","Bundesrepublik Deutschland","‚Drittes Reich‘","‚Drittes Reich‘","DDR","DDR","Die DDR fügte der deutschen Flagge Hammer, Zirkel und Ährenkranz als sozialistische Symbole hinzu.","Die DDR fügte der deutschen Flagge Hammer, Zirkel und Ährenkranz als sozialistische Symbole hinzu."
general,"Q188","history_responsibility","In welchem Jahr wurde die Mauer in Berlin gebaut?","In welchem Jahr wurde die Mauer in Berlin gebaut?","1953","1953","1956","1956","1959","1959","1961","1961","Die Berliner Mauer wurde am 13. August 1961 errichtet.","Die Berliner Mauer wurde am 13. August 1961 errichtet."
general,"Q189","history_responsibility","Wann baute die DDR die Mauer in Berlin?","Wann baute die DDR die Mauer in Berlin?","1919","1919","1933","1933","1961","1961","1990","1990","Der Mauerbau begann im August 1961, um die Flucht nach West-Berlin zu verhindern.","Der Mauerbau begann im August 1961, um die Flucht nach West-Berlin zu verhindern."
general,"Q190","history_responsibility","Was bedeutet die Abkürzung DDR?","Was bedeutet die Abkürzung DDR?","Dritter Deutscher Rundfunk","Dritter Deutscher Rundfunk","Die Deutsche Republik","Die Deutsche Republik","Dritte Deutsche Republik","Dritte Deutsche Republik","Deutsche Demokratische Republik","Deutsche Demokratische Republik","DDR steht für Deutsche Demokratische Republik (1949–1990).","DDR steht für Deutsche Demokratische Republik (1949–1990)."
general,"Q191","history_responsibility","Wann wurde die Mauer in Berlin für alle geöffnet?","Wann wurde die Mauer in Berlin für alle geöffnet?","1987","1987","1989","1989","1992","1992","1995","1995","Am 9. November 1989 fiel die Berliner Mauer.","Am 9. November 1989 fiel die Berliner Mauer."
general,"Q192","history_responsibility","Welches heutige deutsche Bundesland gehörte früher zum Gebiet der DDR?","Welches heutige deutsche Bundesland gehörte früher zum Gebiet der DDR?","Brandenburg","Brandenburg","Bayern","Bayern","Saarland","Saarland","Hessen","Hessen","Brandenburg war Teil der DDR.","Brandenburg war Teil der DDR."
general,"Q193","history_responsibility","Von 1961 bis 1989 war Berlin …","Von 1961 bis 1989 war Berlin …","ohne Bürgermeister.","ohne Bürgermeister.","ein eigener Staat.","ein eigener Staat.","durch eine Mauer geteilt.","durch eine Mauer geteilt.","nur mit dem Flugzeug erreichbar.","nur mit dem Flugzeug erreichbar.","Berlin war während der Teilung durch die Mauer getrennt.","Berlin war während der Teilung durch die Mauer getrennt."
general,"Q194","history_responsibility","Am 3. Oktober feiert man in Deutschland den Tag der Deutschen …","Am 3. Oktober feiert man in Deutschland den Tag der Deutschen …","Einheit","Einheit","Nation","Nation","Bundesländer","Bundesländer","Städte","Städte","Der 3. Oktober erinnert an die Wiedervereinigung 1990.","Der 3. Oktober erinnert an die Wiedervereinigung 1990."
general,"Q195","history_responsibility","Welches heutige deutsche Bundesland gehörte früher zum Gebiet der DDR?","Welches heutige deutsche Bundesland gehörte früher zum Gebiet der DDR?","Hessen","Hessen","Sachsen-Anhalt","Sachsen-Anhalt","Nordrhein-Westfalen","Nordrhein-Westfalen","Saarland","Saarland","Sachsen-Anhalt war eines der fünf neuen Bundesländer der DDR.","Sachsen-Anhalt war eines der fünf neuen Bundesländer der DDR."
general,"Q196","history_responsibility","Warum nennt man die Zeit im Herbst 1989 in der DDR 'Die Wende'? In dieser Zeit veränderte sich die DDR politisch …","Warum nennt man die Zeit im Herbst 1989 in der DDR 'Die Wende'? In dieser Zeit veränderte sich die DDR politisch …","von einer Diktatur zur Demokratie.","von einer Diktatur zur Demokratie.","von einer liberalen Marktwirtschaft zum Sozialismus.","von einer liberalen Marktwirtschaft zum Sozialismus.","von einer Monarchie zur Sozialdemokratie.","von einer Monarchie zur Sozialdemokratie.","von einem religiösen Staat zu einem kommunistischen Staat.","von einem religiösen Staat zu einem kommunistischen Staat.","Die Wende beschreibt den Übergang der DDR von der Diktatur zur Demokratie.","Die Wende beschreibt den Übergang der DDR von der Diktatur zur Demokratie."
general,"Q197","history_responsibility","Welches heutige deutsche Bundesland gehörte früher zum Gebiet der DDR?","Welches heutige deutsche Bundesland gehörte früher zum Gebiet der DDR?","Thüringen","Thüringen","Hessen","Hessen","Bayern","Bayern","Bremen","Bremen","Thüringen war ein Teil der DDR.","Thüringen war ein Teil der DDR."
general,"Q198","history_responsibility","Welches heutige deutsche Bundesland gehörte früher zum Gebiet der DDR?","Welches heutige deutsche Bundesland gehörte früher zum Gebiet der DDR?","Bayern","Bayern","Niedersachsen","Niedersachsen","Sachsen","Sachsen","Baden-Württemberg","Baden-Württemberg","Sachsen war Teil der DDR.","Sachsen war Teil der DDR."
general,"Q199","history_responsibility","Mit der Abkürzung 'Stasi' meinte man in der DDR …","Mit der Abkürzung 'Stasi' meinte man in der DDR …","das Parlament.","das Parlament.","das Ministerium für Staatssicherheit.","das Ministerium für Staatssicherheit.","eine regierende Partei.","eine regierende Partei.","das Ministerium für Volksbildung.","das Ministerium für Volksbildung.","Die Stasi war der Geheimdienst der DDR.","Die Stasi war der Geheimdienst der DDR."
general,"Q200","history_responsibility","Welches heutige deutsche Bundesland gehörte früher zum Gebiet der DDR?","Welches heutige deutsche Bundesland gehörte früher zum Gebiet der DDR?","Hessen","Hessen","Schleswig-Holstein","Schleswig-Holstein","Mecklenburg-Vorpommern","Mecklenburg-Vorpommern","Saarland","Saarland","Mecklenburg-Vorpommern war ein Teil der DDR.","Mecklenburg-Vorpommern war ein Teil der DDR."
general,"Q201","history_responsibility","Welche der folgenden Auflistungen enthält nur Bundesländer, die zum Gebiet der früheren DDR gehörten?","Welche der folgenden Auflistungen enthält nur Bundesländer, die zum Gebiet der früheren DDR gehörten?","Niedersachsen, Nordrhein-Westfalen, Hessen, Schleswig-Holstein, Brandenburg","Niedersachsen, Nordrhein-Westfalen, Hessen, Schleswig-Holstein, Brandenburg","Mecklenburg-Vorpommern, Brandenburg, Sachsen, Sachsen-Anhalt, Thüringen","Mecklenburg-Vorpommern, Brandenburg, Sachsen, Sachsen-Anhalt, Thüringen","Bayern, Baden-Württemberg, Rheinland-Pfalz, Thüringen, Sachsen","Bayern, Baden-Württemberg, Rheinland-Pfalz, Thüringen, Sachsen","Sachsen, Thüringen, Hessen, Niedersachsen, Brandenburg","Sachsen, Thüringen, Hessen, Niedersachsen, Brandenburg","Diese fünf Länder bildeten das Gebiet der DDR.","Diese fünf Länder bildeten das Gebiet der DDR."
general,"Q202","history_responsibility","Zu wem gehörte die DDR im 'Kalten Krieg'?","Zu wem gehörte die DDR im 'Kalten Krieg'?","zu den Westmächten","zu den Westmächten","zum Warschauer Pakt","zum Warschauer Pakt","zur NATO","zur NATO","zu den blockfreien Staaten","zu den blockfreien Staaten","Die DDR war Mitglied des Warschauer Pakts, dem sowjetisch geführten Militärbündnis.","Die DDR war Mitglied des Warschauer Pakts, dem sowjetisch geführten Militärbündnis."
general,"Q203","history_responsibility","Wie hieß das Wirtschaftssystem der DDR?","Wie hieß das Wirtschaftssystem der DDR?","Marktwirtschaft","Marktwirtschaft","Planwirtschaft","Planwirtschaft","Angebot und Nachfrage","Angebot und Nachfrage","Kapitalismus","Kapitalismus","Die DDR hatte eine Planwirtschaft, in der Produktion und Preise staatlich bestimmt wurden.","Die DDR hatte eine Planwirtschaft, in der Produktion und Preise staatlich bestimmt wurden."
general,"Q204","history_responsibility","Wie wurden die Bundesrepublik Deutschland und die DDR zu einem Staat?","Wie wurden die Bundesrepublik Deutschland und die DDR zu einem Staat?","Die Bundesrepublik hat die DDR besetzt.","Die Bundesrepublik hat die DDR besetzt.","Die heutigen fünf östlichen Bundesländer sind der Bundesrepublik Deutschland beigetreten.","Die heutigen fünf östlichen Bundesländer sind der Bundesrepublik Deutschland beigetreten.","Die westlichen Bundesländer sind der DDR beigetreten.","Die westlichen Bundesländer sind der DDR beigetreten.","Die DDR hat die Bundesrepublik Deutschland besetzt.","Die DDR hat die Bundesrepublik Deutschland besetzt.","Die Wiedervereinigung erfolgte 1990 durch den Beitritt der fünf neuen Bundesländer zur Bundesrepublik.","Die Wiedervereinigung erfolgte 1990 durch den Beitritt der fünf neuen Bundesländer zur Bundesrepublik."
general,"Q205","history_responsibility","Mit dem Beitritt der DDR zur Bundesrepublik Deutschland gehören die neuen Bundesländer nun auch …","Mit dem Beitritt der DDR zur Bundesrepublik Deutschland gehören die neuen Bundesländer nun auch …","zur Europäischen Union.","zur Europäischen Union.","zum Warschauer Pakt.","zum Warschauer Pakt.","zur OPEC.","zur OPEC.","zur Europäischen Verteidigungsgemeinschaft.","zur Europäischen Verteidigungsgemeinschaft.","Mit dem Beitritt zur Bundesrepublik sind die neuen Länder automatisch Teil der EU geworden.","Mit dem Beitritt zur Bundesrepublik sind die neuen Länder automatisch Teil der EU geworden."
general,"Q206","history_responsibility","Woran erinnern die sogenannten „Stolpersteine“ in Deutschland?","Woran erinnern die sogenannten „Stolpersteine“ in Deutschland?","an berühmte deutsche Politikerinnen und Politiker","an berühmte deutsche Politikerinnen und Politiker","an die Opfer des Nationalsozialismus","an die Opfer des Nationalsozialismus","an Verkehrstote","an Verkehrstote","an bekannte jüdische Musiker","an bekannte jüdische Musiker","Stolpersteine erinnern an Opfer der nationalsozialistischen Verfolgung vor deren letzten Wohnorten.","Stolpersteine erinnern an Opfer der nationalsozialistischen Verfolgung vor deren letzten Wohnorten."
general,"Q207","history_responsibility","In welchem Militärbündnis war die DDR Mitglied?","In welchem Militärbündnis war die DDR Mitglied?","in der NATO","in der NATO","im Rheinbund","im Rheinbund","im Warschauer Pakt","im Warschauer Pakt","im Europabündnis","im Europabündnis","Die DDR war Teil des Warschauer Pakts, dem östlichen Militärbündnis im Kalten Krieg.","Die DDR war Teil des Warschauer Pakts, dem östlichen Militärbündnis im Kalten Krieg."
general,"Q208","history_responsibility","Was war die „Stasi“?","Was war die „Stasi“?","der Geheimdienst im „Dritten Reich“","der Geheimdienst im „Dritten Reich“","eine berühmte deutsche Gedenkstätte","eine berühmte deutsche Gedenkstätte","der Geheimdienst der DDR","der Geheimdienst der DDR","ein deutscher Sportverein während des Zweiten Weltkrieges","ein deutscher Sportverein während des Zweiten Weltkrieges","Die Stasi war der Inlandsgeheimdienst der DDR und überwachte Bürgerinnen und Bürger.","Die Stasi war der Inlandsgeheimdienst der DDR und überwachte Bürgerinnen und Bürger."
general,"Q209","history_responsibility","Welches war das Wappen der Deutschen Demokratischen Republik?","Welches war das Wappen der Deutschen Demokratischen Republik?","Bild 1","Bild 1","Bild 2","Bild 2","Bild 3","Bild 3","Bild 4","Bild 4","Das Wappen der DDR zeigte Hammer, Zirkel und Ährenkranz als Symbole der Arbeiter, Bauern und Intelligenz.","Das Wappen der DDR zeigte Hammer, Zirkel und Ährenkranz als Symbole der Arbeiter, Bauern und Intelligenz."
general,"Q210","history_responsibility","Was ereignete sich am 17. Juni 1953 in der DDR?","Was ereignete sich am 17. Juni 1953 in der DDR?","der feierliche Beitritt zum Warschauer Pakt","der feierliche Beitritt zum Warschauer Pakt","landesweite Streiks und ein Volksaufstand","landesweite Streiks und ein Volksaufstand","der 1. SED-Parteitag","der 1. SED-Parteitag","der erste Besuch Fidel Castros","der erste Besuch Fidel Castros","Am 17. Juni 1953 kam es in der DDR zu einem Volksaufstand gegen das SED-Regime.","Am 17. Juni 1953 kam es in der DDR zu einem Volksaufstand gegen das SED-Regime."
general,"Q211","history_responsibility","Welcher Politiker steht für die „Ostverträge“?","Welcher Politiker steht für die „Ostverträge“?","Helmut Kohl","Helmut Kohl","Willy Brandt","Willy Brandt","Michail Gorbatschow","Michail Gorbatschow","Ludwig Erhard","Ludwig Erhard","Willy Brandt schloss Anfang der 1970er Jahre die Ostverträge zur Entspannung mit dem Osten.","Willy Brandt schloss Anfang der 1970er Jahre die Ostverträge zur Entspannung mit dem Osten."
general,"Q212","democracy","Wie heißt Deutschland mit vollem Namen?","Wie heißt Deutschland mit vollem Namen?","Bundesstaat Deutschland","Bundesstaat Deutschland","Bundesländer Deutschland","Bundesländer Deutschland","Bundesrepublik Deutschland","Bundesrepublik Deutschland","Bundesbezirk Deutschland","Bundesbezirk Deutschland","Der offizielle Staatsname lautet Bundesrepublik Deutschland.","Der offizielle Staatsname lautet Bundesrepublik Deutschland."
general,"Q213","people_society","Wie viele Einwohner hat Deutschland?","Wie viele Einwohner hat Deutschland?","70 Millionen","70 Millionen","78 Millionen","78 Millionen","84 Millionen","84 Millionen","90 Millionen","90 Millionen","Deutschland hat etwa 84 Millionen Einwohner (Stand 2024).","Deutschland hat etwa 84 Millionen Einwohner (Stand 2024)."
general,"Q214","history_responsibility","Welche Farben hat die deutsche Flagge?","Welche Farben hat die deutsche Flagge?","schwarz-rot-gold","schwarz-rot-gold","rot-weiß-schwarz","rot-weiß-schwarz","schwarz-rot-grün","schwarz-rot-grün","schwarz-gelb-rot","schwarz-gelb-rot","Die Farben Schwarz-Rot-Gold symbolisieren die demokratische Tradition Deutschlands.","Die Farben Schwarz-Rot-Gold symbolisieren die demokratische Tradition Deutschlands."
general,"Q215","history_responsibility","Wer wird als „Kanzler der Deutschen Einheit“ bezeichnet?","Wer wird als „Kanzler der Deutschen Einheit“ bezeichnet?","Gerhard Schröder","Gerhard Schröder","Helmut Kohl","Helmut Kohl","Konrad Adenauer","Konrad Adenauer","Helmut Schmidt","Helmut Schmidt","Helmut Kohl führte die deutsche Wiedervereinigung 1990 maßgeblich herbei.","Helmut Kohl führte die deutsche Wiedervereinigung 1990 maßgeblich herbei."
general,"Q216","democracy","Welches Symbol ist im Plenarsaal des Deutschen Bundestages zu sehen?","Welches Symbol ist im Plenarsaal des Deutschen Bundestages zu sehen?","der Bundesadler","der Bundesadler","die Fahne der Stadt Berlin","die Fahne der Stadt Berlin","der Reichsadler","der Reichsadler","die Reichskrone","die Reichskrone","Der Bundesadler ist das Hoheitszeichen der Bundesrepublik und Symbol im Bundestag.","Der Bundesadler ist das Hoheitszeichen der Bundesrepublik und Symbol im Bundestag."
general,"Q217","history_responsibility","In welchem Zeitraum gab es die Deutsche Demokratische Republik (DDR)?","In welchem Zeitraum gab es die Deutsche Demokratische Republik (DDR)?","1919 bis 1927","1919 bis 1927","1933 bis 1945","1933 bis 1945","1945 bis 1961","1945 bis 1961","1949 bis 1990","1949 bis 1990","Die DDR bestand von 1949 bis 1990.","Die DDR bestand von 1949 bis 1990."
general,"Q218","history_responsibility","Wie viele Bundesländer kamen bei der Wiedervereinigung 1990 zur Bundesrepublik Deutschland hinzu?","Wie viele Bundesländer kamen bei der Wiedervereinigung 1990 zur Bundesrepublik Deutschland hinzu?","4","4","5","5","6","6","7","7","1990 traten fünf neue Länder - Brandenburg, Mecklenburg-Vorpommern, Sachsen, Sachsen-Anhalt und Thüringen - bei.","1990 traten fünf neue Länder - Brandenburg, Mecklenburg-Vorpommern, Sachsen, Sachsen-Anhalt und Thüringen - bei."
general,"Q219","history_responsibility","Die Bundesrepublik Deutschland hat die Grenzen von heute seit …","Die Bundesrepublik Deutschland hat die Grenzen von heute seit …","1933","1933","1949","1949","1971","1971","1990","1990","Seit der Wiedervereinigung 1990 bestehen die heutigen Grenzen Deutschlands.","Seit der Wiedervereinigung 1990 bestehen die heutigen Grenzen Deutschlands."
general,"Q220","history_responsibility","Der 27. Januar ist in Deutschland ein offizieller Gedenktag. Woran erinnert dieser Tag?","Der 27. Januar ist in Deutschland ein offizieller Gedenktag. Woran erinnert dieser Tag?","an das Ende des Zweiten Weltkrieges","an das Ende des Zweiten Weltkrieges","an die Verabschiedung des Grundgesetzes","an die Verabschiedung des Grundgesetzes","an die Wiedervereinigung Deutschlands","an die Wiedervereinigung Deutschlands","an die Opfer des Nationalsozialismus (Tag der Befreiung des Vernichtungslagers Auschwitz)","an die Opfer des Nationalsozialismus (Tag der Befreiung des Vernichtungslagers Auschwitz)","Der 27. Januar erinnert an die Befreiung des Konzentrationslagers Auschwitz 1945.","Der 27. Januar erinnert an die Befreiung des Konzentrationslagers Auschwitz 1945."
general,"Q221","people_society","Deutschland ist Mitglied des Schengener Abkommens. Was bedeutet das?","Deutschland ist Mitglied des Schengener Abkommens. Was bedeutet das?","Deutsche können in viele Länder Europas ohne Passkontrolle reisen.","Deutsche können in viele Länder Europas ohne Passkontrolle reisen.","Alle Menschen können ohne Personenkontrolle in Deutschland einreisen.","Alle Menschen können ohne Personenkontrolle in Deutschland einreisen.","Deutsche können ohne Passkontrolle in jedes Land reisen.","Deutsche können ohne Passkontrolle in jedes Land reisen.","Deutsche können in jedem Land mit dem Euro bezahlen.","Deutsche können in jedem Land mit dem Euro bezahlen.","Das Schengener Abkommen ermöglicht Reisen ohne Grenzkontrollen zwischen Mitgliedstaaten.","Das Schengener Abkommen ermöglicht Reisen ohne Grenzkontrollen zwischen Mitgliedstaaten."
general,"Q222","people_society","Welches Land ist ein Nachbarland von Deutschland?","Welches Land ist ein Nachbarland von Deutschland?","Ungarn","Ungarn","Portugal","Portugal","Spanien","Spanien","Schweiz","Schweiz","Die Schweiz grenzt im Süden an Deutschland.","Die Schweiz grenzt im Süden an Deutschland."
general,"Q223","people_society","Welches Land ist ein Nachbarland von Deutschland?","Welches Land ist ein Nachbarland von Deutschland?","Rumänien","Rumänien","Bulgarien","Bulgarien","Polen","Polen","Griechenland","Griechenland","Polen liegt östlich von Deutschland und ist eines seiner Nachbarländer.","Polen liegt östlich von Deutschland und ist eines seiner Nachbarländer."
general,"Q224","democracy","Was bedeutet die Abkürzung EU?","Was bedeutet die Abkürzung EU?","Europäische Unternehmen","Europäische Unternehmen","Europäische Union","Europäische Union","Einheitliche Union","Einheitliche Union","Euro Union","Euro Union","EU steht für Europäische Union, den Zusammenschluss europäischer Staaten.","EU steht für Europäische Union, den Zusammenschluss europäischer Staaten."
general,"Q225","people_society","In welchem anderen Land gibt es eine große deutschsprachige Bevölkerung?","In welchem anderen Land gibt es eine große deutschsprachige Bevölkerung?","Tschechien","Tschechien","Norwegen","Norwegen","Spanien","Spanien","Österreich","Österreich","In Österreich ist Deutsch die Amtssprache und Hauptsprache der Bevölkerung.","In Österreich ist Deutsch die Amtssprache und Hauptsprache der Bevölkerung."
general,"Q226","democracy","Welche ist die Flagge der Europäischen Union?","Welche ist die Flagge der Europäischen Union?","Bild 1","Bild 1","Bild 2","Bild 2","Bild 3","Bild 3","Bild 4","Bild 4","Die Flagge der EU ist blau mit einem Kreis aus zwölf goldenen Sternen.","Die Flagge der EU ist blau mit einem Kreis aus zwölf goldenen Sternen."
general,"Q227","people_society","Welches Land ist ein Nachbarland von Deutschland?","Welches Land ist ein Nachbarland von Deutschland?","Finnland","Finnland","Dänemark","Dänemark","Norwegen","Norwegen","Schweden","Schweden","Dänemark grenzt im Norden an Deutschland.","Dänemark grenzt im Norden an Deutschland."
general,"Q228","history_responsibility","Wie wird der Beitritt der DDR zur Bundesrepublik Deutschland im Jahr 1990 allgemein genannt?","Wie wird der Beitritt der DDR zur Bundesrepublik Deutschland im Jahr 1990 allgemein genannt?","NATO-Osterweiterung","NATO-Osterweiterung","EU-Osterweiterung","EU-Osterweiterung","Deutsche Wiedervereinigung","Deutsche Wiedervereinigung","Europäische Gemeinschaft","Europäische Gemeinschaft","Der Zusammenschluss 1990 wird als Deutsche Wiedervereinigung bezeichnet.","Der Zusammenschluss 1990 wird als Deutsche Wiedervereinigung bezeichnet."
general,"Q229","people_society","Welches Land ist ein Nachbarland von Deutschland?","Welches Land ist ein Nachbarland von Deutschland?","Spanien","Spanien","Bulgarien","Bulgarien","Norwegen","Norwegen","Luxemburg","Luxemburg","Luxemburg liegt im Westen und grenzt an Deutschland.","Luxemburg liegt im Westen und grenzt an Deutschland."
general,"Q230","democracy","Das Europäische Parlament wird regelmäßig gewählt, nämlich alle …","Das Europäische Parlament wird regelmäßig gewählt, nämlich alle …","5 Jahre.","5 Jahre.","6 Jahre.","6 Jahre.","7 Jahre.","7 Jahre.","8 Jahre.","8 Jahre.","Die Abgeordneten des Europäischen Parlaments werden alle fünf Jahre gewählt.","Die Abgeordneten des Europäischen Parlaments werden alle fünf Jahre gewählt."
general,"Q231","democracy","Was bedeutet der Begriff 'europäische Integration'?","Was bedeutet der Begriff 'europäische Integration'?","Damit sind amerikanische Einwanderinnen und Einwanderer in Europa gemeint.","Damit sind amerikanische Einwanderinnen und Einwanderer in Europa gemeint.","Der Begriff meint den Einwanderungsstopp nach Europa.","Der Begriff meint den Einwanderungsstopp nach Europa.","Damit sind europäische Auswanderinnen und Auswanderer in den USA gemeint.","Damit sind europäische Auswanderinnen und Auswanderer in den USA gemeint.","Der Begriff meint den Zusammenschluss europäischer Staaten zur EU.","Der Begriff meint den Zusammenschluss europäischer Staaten zur EU.","Europäische Integration bezeichnet die politische und wirtschaftliche Vereinigung europäischer Staaten.","Europäische Integration bezeichnet die politische und wirtschaftliche Vereinigung europäischer Staaten."
general,"Q232","democracy","Wer wird bei der Europawahl gewählt?","Wer wird bei der Europawahl gewählt?","die Europäische Kommission","die Europäische Kommission","die Länder, die in die EU eintreten dürfen","die Länder, die in die EU eintreten dürfen","die Abgeordneten des Europäischen Parlaments","die Abgeordneten des Europäischen Parlaments","die europäische Verfassung","die europäische Verfassung","Bei der Europawahl wählen Bürgerinnen und Bürger die Abgeordneten des Europäischen Parlaments.","Bei der Europawahl wählen Bürgerinnen und Bürger die Abgeordneten des Europäischen Parlaments."
general,"Q233","people_society","Welches Land ist ein Nachbarland von Deutschland?","Welches Land ist ein Nachbarland von Deutschland?","Tschechien","Tschechien","Bulgarien","Bulgarien","Griechenland","Griechenland","Portugal","Portugal","Tschechien grenzt östlich an Deutschland.","Tschechien grenzt östlich an Deutschland."
general,"Q234","democracy","Wo ist ein Sitz des Europäischen Parlaments?","Wo ist ein Sitz des Europäischen Parlaments?","London","London","Paris","Paris","Berlin","Berlin","Straßburg","Straßburg","Das Europäische Parlament tagt unter anderem in Straßburg.","Das Europäische Parlament tagt unter anderem in Straßburg."
general,"Q235","history_responsibility","Der damalige französische Staatspräsident François Mitterrand und der damalige deutsche Bundeskanzler Helmut Kohl gedenken in Verdun gemeinsam der Toten beider Weltkriege. Welches Ziel der Europäischen Union wird bei diesem Treffen deutlich?","Der damalige französische Staatspräsident François Mitterrand und der damalige deutsche Bundeskanzler Helmut Kohl gedenken in Verdun gemeinsam der Toten beider Weltkriege. Welches Ziel der Europäischen Union wird bei diesem Treffen deutlich?","Freundschaft zwischen England und Deutschland","Freundschaft zwischen England und Deutschland","Reisefreiheit in alle Länder der EU","Reisefreiheit in alle Länder der EU","Frieden und Sicherheit in den Ländern der EU","Frieden und Sicherheit in den Ländern der EU","einheitliche Feiertage in den Ländern der EU","einheitliche Feiertage in den Ländern der EU","Das Treffen symbolisiert die deutsch-französische Freundschaft und das Friedensziel der EU.","Das Treffen symbolisiert die deutsch-französische Freundschaft und das Friedensziel der EU."
general,"Q236","democracy","Wie viele Mitgliedstaaten hat die EU heute?","Wie viele Mitgliedstaaten hat die EU heute?","21","21","23","23","25","25","27","27","Die Europäische Union besteht derzeit aus 27 Mitgliedstaaten.","Die Europäische Union besteht derzeit aus 27 Mitgliedstaaten."
general,"Q237","history_responsibility","2007 wurde das 50-jährige Jubiläum der 'Römischen Verträge' gefeiert. Was war der Inhalt der Verträge?","2007 wurde das 50-jährige Jubiläum der 'Römischen Verträge' gefeiert. Was war der Inhalt der Verträge?","Beitritt Deutschlands zur NATO","Beitritt Deutschlands zur NATO","Gründung der Europäischen Wirtschaftsgemeinschaft (EWG)","Gründung der Europäischen Wirtschaftsgemeinschaft (EWG)","Verpflichtung Deutschlands zu Reparationsleistungen","Verpflichtung Deutschlands zu Reparationsleistungen","Festlegung der Oder-Neiße-Linie als Ostgrenze","Festlegung der Oder-Neiße-Linie als Ostgrenze","Die Römischen Verträge von 1957 gründeten die Europäische Wirtschaftsgemeinschaft.","Die Römischen Verträge von 1957 gründeten die Europäische Wirtschaftsgemeinschaft."
general,"Q238","democracy","An welchen Orten arbeitet das Europäische Parlament?","An welchen Orten arbeitet das Europäische Parlament?","Paris, London und Den Haag","Paris, London und Den Haag","Straßburg, Luxemburg und Brüssel","Straßburg, Luxemburg und Brüssel","Rom, Bern und Wien","Rom, Bern und Wien","Bonn, Zürich und Mailand","Bonn, Zürich und Mailand","Das Parlament arbeitet in Straßburg, Luxemburg und Brüssel.","Das Parlament arbeitet in Straßburg, Luxemburg und Brüssel."
general,"Q239","history_responsibility","Durch welche Verträge schloss sich die Bundesrepublik Deutschland mit anderen Staaten zur Europäischen Wirtschaftsgemeinschaft zusammen?","Durch welche Verträge schloss sich die Bundesrepublik Deutschland mit anderen Staaten zur Europäischen Wirtschaftsgemeinschaft zusammen?","durch die 'Hamburger Verträge'","durch die 'Hamburger Verträge'","durch die 'Römischen Verträge'","durch die 'Römischen Verträge'","durch die 'Pariser Verträge'","durch die 'Pariser Verträge'","durch die 'Londoner Verträge'","durch die 'Londoner Verträge'","Die Römischen Verträge von 1957 bildeten die Grundlage der Europäischen Wirtschaftsgemeinschaft.","Die Römischen Verträge von 1957 bildeten die Grundlage der Europäischen Wirtschaftsgemeinschaft."
general,"Q240","democracy","Seit wann bezahlt man in Deutschland mit dem Euro in bar?","Seit wann bezahlt man in Deutschland mit dem Euro in bar?","1995","1995","1998","1998","2002","2002","2005","2005","Der Euro wurde am 1. Januar 2002 als Bargeld eingeführt.","Der Euro wurde am 1. Januar 2002 als Bargeld eingeführt."
general,"Q241","people_society","Frau Seger bekommt ein Kind. Was muss sie tun, um Elterngeld zu erhalten?","Frau Seger bekommt ein Kind. Was muss sie tun, um Elterngeld zu erhalten?","Sie muss an ihre Krankenkasse schreiben.","Sie muss an ihre Krankenkasse schreiben.","Sie muss einen Antrag bei der Elterngeldstelle stellen.","Sie muss einen Antrag bei der Elterngeldstelle stellen.","Sie muss nichts tun, denn sie bekommt automatisch Elterngeld.","Sie muss nichts tun, denn sie bekommt automatisch Elterngeld.","Sie muss das Arbeitsamt um Erlaubnis bitten.","Sie muss das Arbeitsamt um Erlaubnis bitten.","Elterngeld wird nur nach Antrag bei der zuständigen Elterngeldstelle gewährt.","Elterngeld wird nur nach Antrag bei der zuständigen Elterngeldstelle gewährt."
general,"Q242","people_society","Wer entscheidet, ob ein Kind in Deutschland in den Kindergarten geht?","Wer entscheidet, ob ein Kind in Deutschland in den Kindergarten geht?","der Staat","der Staat","die Bundesländer","die Bundesländer","die Eltern/die Erziehungsberechtigten","die Eltern/die Erziehungsberechtigten","die Schulen","die Schulen","Der Kindergartenbesuch ist freiwillig, die Eltern entscheiden darüber.","Der Kindergartenbesuch ist freiwillig, die Eltern entscheiden darüber."
general,"Q243","democracy","Maik und Sybille wollen mit Freunden an ihrem deutschen Wohnort eine Demonstration auf der Straße abhalten. Was müssen sie vorher tun?","Maik und Sybille wollen mit Freunden an ihrem deutschen Wohnort eine Demonstration auf der Straße abhalten. Was müssen sie vorher tun?","Sie müssen die Demonstration anmelden.","Sie müssen die Demonstration anmelden.","Sie müssen nichts tun. Man darf in Deutschland jederzeit überall demonstrieren.","Sie müssen nichts tun. Man darf in Deutschland jederzeit überall demonstrieren.","Sie können gar nichts tun, denn Demonstrationen sind in Deutschland grundsätzlich verboten.","Sie können gar nichts tun, denn Demonstrationen sind in Deutschland grundsätzlich verboten.","Maik und Sybille müssen einen neuen Verein gründen, weil nur Vereine demonstrieren dürfen.","Maik und Sybille müssen einen neuen Verein gründen, weil nur Vereine demonstrieren dürfen.","Demonstrationen müssen bei der zuständigen Behörde angemeldet werden.","Demonstrationen müssen bei der zuständigen Behörde angemeldet werden."
general,"Q244","people_society","Welchen Schulabschluss braucht man normalerweise, um an einer Universität in Deutschland ein Studium zu beginnen?","Welchen Schulabschluss braucht man normalerweise, um an einer Universität in Deutschland ein Studium zu beginnen?","das Abitur","das Abitur","ein Diplom","ein Diplom","die Prokura","die Prokura","eine Gesellenprüfung","eine Gesellenprüfung","Für ein Studium an einer Universität ist in der Regel das Abitur erforderlich.","Für ein Studium an einer Universität ist in der Regel das Abitur erforderlich."
general,"Q245","people_society","Wer darf in Deutschland nicht als Paar zusammenleben?","Wer darf in Deutschland nicht als Paar zusammenleben?","Hans (20 Jahre) und Marie (19 Jahre)","Hans (20 Jahre) und Marie (19 Jahre)","Tom (20 Jahre) und Klaus (45 Jahre)","Tom (20 Jahre) und Klaus (45 Jahre)","Sofie (35 Jahre) und Lisa (40 Jahre)","Sofie (35 Jahre) und Lisa (40 Jahre)","Anne (13 Jahre) und Tim (25 Jahre)","Anne (13 Jahre) und Tim (25 Jahre)","Kinder unter 16 Jahren dürfen keine sexuellen Beziehungen zu Erwachsenen führen; das ist gesetzlich verboten.","Kinder unter 16 Jahren dürfen keine sexuellen Beziehungen zu Erwachsenen führen; das ist gesetzlich verboten."
general,"Q246","people_society","Ab welchem Alter ist man in Deutschland volljährig?","Ab welchem Alter ist man in Deutschland volljährig?","16","16","18","18","19","19","21","21","In Deutschland ist man ab 18 Jahren volljährig und gilt als rechtlich selbstständig.","In Deutschland ist man ab 18 Jahren volljährig und gilt als rechtlich selbstständig."
general,"Q247","people_society","Eine Frau ist schwanger. Sie ist kurz vor und nach der Geburt ihres Kindes vom Gesetz besonders beschützt. Wie heißt dieser Schutz?","Eine Frau ist schwanger. Sie ist kurz vor und nach der Geburt ihres Kindes vom Gesetz besonders beschützt. Wie heißt dieser Schutz?","Elternzeit","Elternzeit","Mutterschutz","Mutterschutz","Geburtsvorbereitung","Geburtsvorbereitung","Wochenbett","Wochenbett","Der Mutterschutz schützt Schwangere vor und nach der Geburt vor Kündigung und sichert Einkünfte.","Der Mutterschutz schützt Schwangere vor und nach der Geburt vor Kündigung und sichert Einkünfte."
general,"Q248","people_society","Die Erziehung der Kinder ist in Deutschland vor allem Aufgabe …","Die Erziehung der Kinder ist in Deutschland vor allem Aufgabe …","des Staates","des Staates","der Eltern","der Eltern","der Großeltern","der Großeltern","der Schulen","der Schulen","Laut Grundgesetz ist die Erziehung der Kinder das natürliche Recht der Eltern.","Laut Grundgesetz ist die Erziehung der Kinder das natürliche Recht der Eltern."
general,"Q249","people_society","Wer ist in Deutschland hauptsächlich verantwortlich für die Kindererziehung?","Wer ist in Deutschland hauptsächlich verantwortlich für die Kindererziehung?","der Staat","der Staat","die Eltern","die Eltern","die Verwandten","die Verwandten","die Schulen","die Schulen","Die Eltern tragen die Hauptverantwortung für die Erziehung ihrer Kinder.","Die Eltern tragen die Hauptverantwortung für die Erziehung ihrer Kinder."
general,"Q250","people_society","In Deutschland hat man die besten Chancen auf einen gut bezahlten Arbeitsplatz, wenn man …","In Deutschland hat man die besten Chancen auf einen gut bezahlten Arbeitsplatz, wenn man …","katholisch ist","katholisch ist","gut ausgebildet ist","gut ausgebildet ist","eine Frau ist","eine Frau ist","Mitglied einer Partei ist","Mitglied einer Partei ist","Eine gute Ausbildung verbessert die Chancen auf einen gut bezahlten Arbeitsplatz.","Eine gute Ausbildung verbessert die Chancen auf einen gut bezahlten Arbeitsplatz."
general,"Q251","people_society","Wenn man in Deutschland ein Kind schlägt, …","Wenn man in Deutschland ein Kind schlägt, …","geht das niemanden etwas an.","geht das niemanden etwas an.","geht das nur die Familie etwas an.","geht das nur die Familie etwas an.","kann man dafür nicht bestraft werden.","kann man dafür nicht bestraft werden.","kann man dafür bestraft werden.","kann man dafür bestraft werden.","Körperliche Gewalt gegen Kinder ist verboten und strafbar.","Körperliche Gewalt gegen Kinder ist verboten und strafbar."
general,"Q252","people_society","In Deutschland …","In Deutschland …","darf man zur gleichen Zeit nur mit einer Partnerin/einem Partner verheiratet sein.","darf man zur gleichen Zeit nur mit einer Partnerin/einem Partner verheiratet sein.","kann man mehrere Ehepartnerinnen/Ehepartner gleichzeitig haben","kann man mehrere Ehepartnerinnen/Ehepartner gleichzeitig haben","darf man nicht wieder heiraten, wenn man einmal verheiratet war","darf man nicht wieder heiraten, wenn man einmal verheiratet war","darf eine Frau nicht wieder heiraten, wenn ihr Mann gestorben ist","darf eine Frau nicht wieder heiraten, wenn ihr Mann gestorben ist","In Deutschland gilt die Einehe, also nur eine Ehe gleichzeitig.","In Deutschland gilt die Einehe, also nur eine Ehe gleichzeitig."
general,"Q253","people_society","Wo müssen Sie sich anmelden, wenn Sie in Deutschland umziehen?","Wo müssen Sie sich anmelden, wenn Sie in Deutschland umziehen?","beim Einwohnermeldeamt","beim Einwohnermeldeamt","beim Standesamt","beim Standesamt","beim Ordnungsamt","beim Ordnungsamt","beim Gewerbeamt","beim Gewerbeamt","Beim Umzug ist die Anmeldung beim Einwohnermeldeamt Pflicht.","Beim Umzug ist die Anmeldung beim Einwohnermeldeamt Pflicht."
general,"Q254","people_society","In Deutschland dürfen Ehepaare sich scheiden lassen. Meistens müssen sie dazu das 'Trennungsjahr' einhalten. Was bedeutet das?","In Deutschland dürfen Ehepaare sich scheiden lassen. Meistens müssen sie dazu das 'Trennungsjahr' einhalten. Was bedeutet das?","Der Scheidungsprozess dauert ein Jahr.","Der Scheidungsprozess dauert ein Jahr.","Die Ehegatten sind ein Jahr verheiratet, dann ist die Scheidung möglich.","Die Ehegatten sind ein Jahr verheiratet, dann ist die Scheidung möglich.","Das Besuchsrecht für die Kinder gilt ein Jahr.","Das Besuchsrecht für die Kinder gilt ein Jahr.","Die Ehegatten führen mindestens ein Jahr getrennt ihr eigenes Leben. Danach ist die Scheidung möglich.","Die Ehegatten führen mindestens ein Jahr getrennt ihr eigenes Leben. Danach ist die Scheidung möglich.","Das Trennungsjahr soll sicherstellen, dass die Ehe wirklich beendet werden soll.","Das Trennungsjahr soll sicherstellen, dass die Ehe wirklich beendet werden soll."
general,"Q255","people_society","Bei Erziehungsproblemen können Eltern in Deutschland Hilfe erhalten vom …","Bei Erziehungsproblemen können Eltern in Deutschland Hilfe erhalten vom …","Ordnungsamt","Ordnungsamt","Schulamt","Schulamt","Jugendamt","Jugendamt","Gesundheitsamt","Gesundheitsamt","Das Jugendamt unterstützt Familien bei Erziehungsfragen.","Das Jugendamt unterstützt Familien bei Erziehungsfragen."
general,"Q256","people_society","Ein Ehepaar möchte in Deutschland ein Restaurant eröffnen. Was braucht es dazu unbedingt?","Ein Ehepaar möchte in Deutschland ein Restaurant eröffnen. Was braucht es dazu unbedingt?","eine Erlaubnis der Polizei","eine Erlaubnis der Polizei","eine Genehmigung einer Partei","eine Genehmigung einer Partei","eine Genehmigung des Einwohnermeldeamts","eine Genehmigung des Einwohnermeldeamts","eine Gaststättenerlaubnis von der zuständigen Behörde","eine Gaststättenerlaubnis von der zuständigen Behörde","Für den Betrieb einer Gaststätte ist eine Gaststättenerlaubnis erforderlich.","Für den Betrieb einer Gaststätte ist eine Gaststättenerlaubnis erforderlich."
general,"Q257","people_society","Eine erwachsene Frau möchte in Deutschland das Abitur nachholen. Das kann sie an …","Eine erwachsene Frau möchte in Deutschland das Abitur nachholen. Das kann sie an …","einer Hochschule","einer Hochschule","einem Abendgymnasium","einem Abendgymnasium","einer Hauptschule","einer Hauptschule","einer Privatuniversität","einer Privatuniversität","Das Abitur kann an einem Abendgymnasium nachgeholt werden.","Das Abitur kann an einem Abendgymnasium nachgeholt werden."
general,"Q258","people_society","Was darf das Jugendamt in Deutschland?","Was darf das Jugendamt in Deutschland?","Es entscheidet, welche Schule das Kind besucht.","Es entscheidet, welche Schule das Kind besucht.","Es kann ein Kind, das geschlagen wird oder hungern muss, aus der Familie nehmen.","Es kann ein Kind, das geschlagen wird oder hungern muss, aus der Familie nehmen.","Es bezahlt das Kindergeld an die Eltern.","Es bezahlt das Kindergeld an die Eltern.","Es kontrolliert, ob das Kind einen Kindergarten besucht.","Es kontrolliert, ob das Kind einen Kindergarten besucht.","Das Jugendamt kann bei Kindeswohlgefährdung das Kind schützen und aus der Familie nehmen.","Das Jugendamt kann bei Kindeswohlgefährdung das Kind schützen und aus der Familie nehmen."
general,"Q259","people_society","Das Berufsinformationszentrum BIZ bei der Bundesagentur für Arbeit in Deutschland hilft bei der …","Das Berufsinformationszentrum BIZ bei der Bundesagentur für Arbeit in Deutschland hilft bei der …","Rentenberechnung","Rentenberechnung","Lehrstellensuche","Lehrstellensuche","Steuererklärung","Steuererklärung","Krankenversicherung","Krankenversicherung","Das BIZ unterstützt bei der Berufs- und Lehrstellensuche.","Das BIZ unterstützt bei der Berufs- und Lehrstellensuche."
general,"Q260","people_society","In Deutschland hat ein Kind in der Schule …","In Deutschland hat ein Kind in der Schule …","Recht auf unbegrenzte Freizeit.","Recht auf unbegrenzte Freizeit.","Wahlfreiheit für alle Fächer.","Wahlfreiheit für alle Fächer.","Anspruch auf Schulgeld.","Anspruch auf Schulgeld.","Anwesenheitspflicht.","Anwesenheitspflicht.","In Deutschland besteht Schulpflicht, daher Anwesenheitspflicht.","In Deutschland besteht Schulpflicht, daher Anwesenheitspflicht."
general,"Q261","people_society","Ein Mann möchte mit 30 Jahren in Deutschland sein Abitur nachholen. Wo kann er das tun?","Ein Mann möchte mit 30 Jahren in Deutschland sein Abitur nachholen. Wo kann er das tun?","an einer Hochschule","an einer Hochschule","an einem Abendgymnasium","an einem Abendgymnasium","an einer Hauptschule","an einer Hauptschule","an einer Privatuniversität","an einer Privatuniversität","Das Abendgymnasium bietet Erwachsenen die Möglichkeit, das Abitur nachzuholen.","Das Abendgymnasium bietet Erwachsenen die Möglichkeit, das Abitur nachzuholen."
general,"Q262","people_society","Was bedeutet in Deutschland der Grundsatz der Gleichbehandlung?","Was bedeutet in Deutschland der Grundsatz der Gleichbehandlung?","Niemand darf z.B. wegen einer Behinderung benachteiligt werden.","Niemand darf z.B. wegen einer Behinderung benachteiligt werden.","Man darf andere Personen benachteiligen, wenn ausreichende persönliche Gründe vorliegen.","Man darf andere Personen benachteiligen, wenn ausreichende persönliche Gründe vorliegen.","Niemand darf gegen Personen klagen, wenn sie benachteiligt wurden.","Niemand darf gegen Personen klagen, wenn sie benachteiligt wurden.","Es ist für alle Gesetz, benachteiligten Gruppen jährlich Geld zu spenden.","Es ist für alle Gesetz, benachteiligten Gruppen jährlich Geld zu spenden.","Der Gleichbehandlungsgrundsatz schützt vor Diskriminierung.","Der Gleichbehandlungsgrundsatz schützt vor Diskriminierung."
general,"Q263","people_society","In Deutschland sind Jugendliche ab 14 Jahren strafmündig. Das bedeutet: Jugendliche, die 14 Jahre und älter sind und gegen Strafgesetze verstoßen, …","In Deutschland sind Jugendliche ab 14 Jahren strafmündig. Das bedeutet: Jugendliche, die 14 Jahre und älter sind und gegen Strafgesetze verstoßen, …","werden bestraft.","werden bestraft.","werden wie Erwachsene behandelt.","werden wie Erwachsene behandelt.","teilen die Strafe mit ihren Eltern.","teilen die Strafe mit ihren Eltern.","werden nicht bestraft.","werden nicht bestraft.","Ab 14 Jahren gilt man als strafmündig und kann für Straftaten bestraft werden.","Ab 14 Jahren gilt man als strafmündig und kann für Straftaten bestraft werden."
general,"Q264","people_society","Zu welchem Fest tragen Menschen in Deutschland bunte Kostüme und Masken?","Zu welchem Fest tragen Menschen in Deutschland bunte Kostüme und Masken?","am Rosenmontag","am Rosenmontag","am Maifeiertag","am Maifeiertag","beim Oktoberfest","beim Oktoberfest","an Pfingsten","an Pfingsten","Am Rosenmontag, Teil des Karnevals, verkleiden sich viele Menschen in bunten Kostümen.","Am Rosenmontag, Teil des Karnevals, verkleiden sich viele Menschen in bunten Kostümen."
general,"Q265","people_society","Wohin muss man in Deutschland zuerst gehen, wenn man heiraten möchte?","Wohin muss man in Deutschland zuerst gehen, wenn man heiraten möchte?","zum Einwohnermeldeamt","zum Einwohnermeldeamt","zum Ordnungsamt","zum Ordnungsamt","zur Agentur für Arbeit","zur Agentur für Arbeit","zum Standesamt","zum Standesamt","Die standesamtliche Trauung ist in Deutschland Voraussetzung für eine rechtsgültige Ehe.","Die standesamtliche Trauung ist in Deutschland Voraussetzung für eine rechtsgültige Ehe."
general,"Q266","people_society","Wann beginnt die gesetzliche Nachtruhe in Deutschland?","Wann beginnt die gesetzliche Nachtruhe in Deutschland?","wenn die Sonne untergeht","wenn die Sonne untergeht","wenn die Nachbarn schlafen gehen","wenn die Nachbarn schlafen gehen","um 0 Uhr, Mitternacht","um 0 Uhr, Mitternacht","um 22 Uhr","um 22 Uhr","Die gesetzliche Nachtruhe beginnt in Deutschland in der Regel um 22 Uhr.","Die gesetzliche Nachtruhe beginnt in Deutschland in der Regel um 22 Uhr."
general,"Q267","people_society","Eine junge Frau in Deutschland, 22 Jahre alt, lebt mit ihrem Freund zusammen. Die Eltern finden das nicht gut. Was können die Eltern tun?","Eine junge Frau in Deutschland, 22 Jahre alt, lebt mit ihrem Freund zusammen. Die Eltern finden das nicht gut. Was können die Eltern tun?","Sie müssen die Entscheidung der volljährigen Tochter respektieren.","Sie müssen die Entscheidung der volljährigen Tochter respektieren.","Sie haben das Recht, die Tochter in die elterliche Wohnung zurückzuholen.","Sie haben das Recht, die Tochter in die elterliche Wohnung zurückzuholen.","Sie können zur Polizei gehen und die Tochter anzeigen.","Sie können zur Polizei gehen und die Tochter anzeigen.","Sie suchen einen anderen Mann für die Tochter.","Sie suchen einen anderen Mann für die Tochter.","Volljährige Menschen entscheiden in Deutschland selbst über ihr Privatleben.","Volljährige Menschen entscheiden in Deutschland selbst über ihr Privatleben."
general,"Q268","people_society","Eine junge Frau will den Führerschein machen. Sie hat Angst vor der Prüfung, weil ihre Muttersprache nicht Deutsch ist. Was ist richtig?","Eine junge Frau will den Führerschein machen. Sie hat Angst vor der Prüfung, weil ihre Muttersprache nicht Deutsch ist. Was ist richtig?","Sie muss mindestens zehn Jahre in Deutschland leben, bevor sie den Führerschein machen kann.","Sie muss mindestens zehn Jahre in Deutschland leben, bevor sie den Führerschein machen kann.","Wenn sie kein Deutsch kann, darf sie keinen Führerschein haben.","Wenn sie kein Deutsch kann, darf sie keinen Führerschein haben.","Sie muss den Führerschein in dem Land machen, in dem man ihre Sprache spricht.","Sie muss den Führerschein in dem Land machen, in dem man ihre Sprache spricht.","Sie kann die Theorie-Prüfung vielleicht in ihrer Muttersprache machen. Es gibt mehr als zehn Sprachen zur Auswahl.","Sie kann die Theorie-Prüfung vielleicht in ihrer Muttersprache machen. Es gibt mehr als zehn Sprachen zur Auswahl.","Die theoretische Führerscheinprüfung kann in mehreren Sprachen abgelegt werden.","Die theoretische Führerscheinprüfung kann in mehreren Sprachen abgelegt werden."
general,"Q269","people_society","In Deutschland haben Kinder ab dem Alter von drei Jahren bis zur Einschulung Anspruch auf …","In Deutschland haben Kinder ab dem Alter von drei Jahren bis zur Einschulung Anspruch auf …","monatliches Taschengeld","monatliches Taschengeld","einen Platz in einem Sportverein","einen Platz in einem Sportverein","einen Kindergartenplatz","einen Kindergartenplatz","einen Ferienpass","einen Ferienpass","Kinder haben einen gesetzlichen Anspruch auf einen Kindergartenplatz.","Kinder haben einen gesetzlichen Anspruch auf einen Kindergartenplatz."
general,"Q270","people_society","Die Volkshochschule in Deutschland ist eine Einrichtung …","Die Volkshochschule in Deutschland ist eine Einrichtung …","für den Religionsunterricht","für den Religionsunterricht","nur für Jugendliche","nur für Jugendliche","zur Weiterbildung","zur Weiterbildung","nur für Rentnerinnen und Rentner","nur für Rentnerinnen und Rentner","Volkshochschulen bieten Erwachsenen vielfältige Weiterbildungsmöglichkeiten.","Volkshochschulen bieten Erwachsenen vielfältige Weiterbildungsmöglichkeiten."
general,"Q271","people_society","Was ist in Deutschland ein Brauch zu Weihnachten?","Was ist in Deutschland ein Brauch zu Weihnachten?","bunte Eier verstecken","bunte Eier verstecken","einen Tannenbaum schmücken","einen Tannenbaum schmücken","sich mit Masken und Kostümen verkleiden","sich mit Masken und Kostümen verkleiden","Kürbisse vor die Tür stellen","Kürbisse vor die Tür stellen","Das Schmücken eines Tannenbaums ist ein traditioneller deutscher Weihnachtsbrauch.","Das Schmücken eines Tannenbaums ist ein traditioneller deutscher Weihnachtsbrauch."
general,"Q272","people_society","Welche Lebensform ist in Deutschland nicht erlaubt?","Welche Lebensform ist in Deutschland nicht erlaubt?","Mann und Frau sind geschieden und leben mit neuen Partnern zusammen.","Mann und Frau sind geschieden und leben mit neuen Partnern zusammen.","Zwei Frauen leben zusammen.","Zwei Frauen leben zusammen.","Ein alleinerziehender Vater lebt mit seinen zwei Kindern zusammen.","Ein alleinerziehender Vater lebt mit seinen zwei Kindern zusammen.","Ein Mann ist mit zwei Frauen zur selben Zeit verheiratet.","Ein Mann ist mit zwei Frauen zur selben Zeit verheiratet.","In Deutschland ist Mehrfachehe (Polygamie) gesetzlich verboten.","In Deutschland ist Mehrfachehe (Polygamie) gesetzlich verboten."
general,"Q273","people_society","Bei Erziehungsproblemen gehen Sie in Deutschland …","Bei Erziehungsproblemen gehen Sie in Deutschland …","zur Ärztin/zum Arzt","zur Ärztin/zum Arzt","zum Gesundheitsamt","zum Gesundheitsamt","zum Einwohnermeldeamt","zum Einwohnermeldeamt","zum Jugendamt","zum Jugendamt","Das Jugendamt hilft Eltern bei Erziehungsproblemen.","Das Jugendamt hilft Eltern bei Erziehungsproblemen."
general,"Q274","people_society","Sie haben in Deutschland absichtlich einen Brief geöffnet, der an eine andere Person adressiert ist. Was haben Sie nicht beachtet?","Sie haben in Deutschland absichtlich einen Brief geöffnet, der an eine andere Person adressiert ist. Was haben Sie nicht beachtet?","das Schweigerecht","das Schweigerecht","das Briefgeheimnis","das Briefgeheimnis","die Schweigepflicht","die Schweigepflicht","die Meinungsfreiheit","die Meinungsfreiheit","Das Briefgeheimnis schützt die private Kommunikation vor unbefugtem Zugriff.","Das Briefgeheimnis schützt die private Kommunikation vor unbefugtem Zugriff."
general,"Q275","people_society","Was braucht man in Deutschland für eine Ehescheidung?","Was braucht man in Deutschland für eine Ehescheidung?","die Einwilligung der Eltern","die Einwilligung der Eltern","ein Attest einer Ärztin/eines Arztes","ein Attest einer Ärztin/eines Arztes","die Einwilligung der Kinder","die Einwilligung der Kinder","die Unterstützung einer Anwältin/eines Anwalts","die Unterstützung einer Anwältin/eines Anwalts","Eine Scheidung muss in Deutschland vor Gericht erfolgen, vertreten durch eine Anwältin oder einen Anwalt.","Eine Scheidung muss in Deutschland vor Gericht erfolgen, vertreten durch eine Anwältin oder einen Anwalt."
general,"Q276","people_society","Was sollten Sie tun, wenn Sie von Ihrer Ansprechpartnerin/Ihrem Ansprechpartner in einer deutschen Behörde schlecht behandelt werden?","Was sollten Sie tun, wenn Sie von Ihrer Ansprechpartnerin/Ihrem Ansprechpartner in einer deutschen Behörde schlecht behandelt werden?","Ich kann nichts tun.","Ich kann nichts tun.","Ich muss mir diese Behandlung gefallen lassen.","Ich muss mir diese Behandlung gefallen lassen.","Ich drohe der Person.","Ich drohe der Person.","Ich kann mich bei der Behördenleiterin/beim Behördenleiter beschweren.","Ich kann mich bei der Behördenleiterin/beim Behördenleiter beschweren.","Bürgerinnen und Bürger können sich bei der Leitung der Behörde über unangemessenes Verhalten beschweren.","Bürgerinnen und Bürger können sich bei der Leitung der Behörde über unangemessenes Verhalten beschweren."
general,"Q277","people_society","Eine Frau, die ein zweijähriges Kind hat, bewirbt sich in Deutschland um eine Stelle. Was ist ein Beispiel für Diskriminierung? Sie bekommt die Stelle nur deshalb nicht, weil sie …","Eine Frau, die ein zweijähriges Kind hat, bewirbt sich in Deutschland um eine Stelle. Was ist ein Beispiel für Diskriminierung? Sie bekommt die Stelle nur deshalb nicht, weil sie …","kein Englisch spricht.","kein Englisch spricht.","zu hohe Gehaltsvorstellungen hat.","zu hohe Gehaltsvorstellungen hat.","keine Erfahrungen in diesem Beruf hat.","keine Erfahrungen in diesem Beruf hat.","Mutter ist.","Mutter ist.","Eine Ablehnung aufgrund von Mutterschaft ist eine unzulässige Diskriminierung.","Eine Ablehnung aufgrund von Mutterschaft ist eine unzulässige Diskriminierung."
general,"Q278","people_society","Ein Mann im Rollstuhl hat sich auf eine Stelle als Buchhalter beworben. Was ist ein Beispiel für Diskriminierung? Er bekommt die Stelle nur deshalb nicht, weil er …","Ein Mann im Rollstuhl hat sich auf eine Stelle als Buchhalter beworben. Was ist ein Beispiel für Diskriminierung? Er bekommt die Stelle nur deshalb nicht, weil er …","im Rollstuhl sitzt.","im Rollstuhl sitzt.","keine Erfahrung hat.","keine Erfahrung hat.","zu hohe Gehaltsvorstellungen hat.","zu hohe Gehaltsvorstellungen hat.","kein Englisch spricht.","kein Englisch spricht.","Eine Benachteiligung wegen einer Behinderung ist unzulässige Diskriminierung.","Eine Benachteiligung wegen einer Behinderung ist unzulässige Diskriminierung."
general,"Q279","people_society","In den meisten Mietshäusern in Deutschland gibt es eine ""Hausordnung"". Was steht in einer solchen ""Hausordnung""? Sie nennt …","In den meisten Mietshäusern in Deutschland gibt es eine ""Hausordnung"". Was steht in einer solchen ""Hausordnung""? Sie nennt …","Regeln für die Benutzung öffentlicher Verkehrsmittel.","Regeln für die Benutzung öffentlicher Verkehrsmittel.","alle Mieterinnen und Mieter im Haus.","alle Mieterinnen und Mieter im Haus.","Regeln, an die sich alle Bewohnerinnen und Bewohner halten müssen.","Regeln, an die sich alle Bewohnerinnen und Bewohner halten müssen.","die Adresse des nächsten Ordnungsamtes.","die Adresse des nächsten Ordnungsamtes.","Die Hausordnung legt Regeln für das Zusammenleben im Haus fest.","Die Hausordnung legt Regeln für das Zusammenleben im Haus fest."
general,"Q280","people_society","Wenn Sie sich in Deutschland gegen einen falschen Steuerbescheid wehren wollen, müssen Sie …","Wenn Sie sich in Deutschland gegen einen falschen Steuerbescheid wehren wollen, müssen Sie …","nichts machen.","nichts machen.","den Bescheid wegwerfen.","den Bescheid wegwerfen.","Einspruch einlegen.","Einspruch einlegen.","warten, bis ein anderer Bescheid kommt.","warten, bis ein anderer Bescheid kommt.","Rechtsbehelf ist der fristgerechte Einspruch gegen den Bescheid.","Rechtsbehelf ist der fristgerechte Einspruch gegen den Bescheid."
general,"Q281","people_society","Zwei Freunde wollen in ein öffentliches Schwimmbad in Deutschland. Beide haben eine dunkle Hautfarbe und werden deshalb nicht hineingelassen. Welches Recht wird in dieser Situation verletzt? Das Recht auf …","Zwei Freunde wollen in ein öffentliches Schwimmbad in Deutschland. Beide haben eine dunkle Hautfarbe und werden deshalb nicht hineingelassen. Welches Recht wird in dieser Situation verletzt? Das Recht auf …","Meinungsfreiheit","Meinungsfreiheit","Gleichbehandlung","Gleichbehandlung","Versammlungsfreiheit","Versammlungsfreiheit","Freizügigkeit","Freizügigkeit","Die Ungleichbehandlung wegen Hautfarbe verletzt das Gleichbehandlungsgebot.","Die Ungleichbehandlung wegen Hautfarbe verletzt das Gleichbehandlungsgebot."
general,"Q282","people_society","Welches Ehrenamt müssen deutsche Staatsbürgerinnen und Staatsbürger übernehmen, wenn sie dazu aufgefordert werden?","Welches Ehrenamt müssen deutsche Staatsbürgerinnen und Staatsbürger übernehmen, wenn sie dazu aufgefordert werden?","Vereinstrainerin/Vereinstrainer","Vereinstrainerin/Vereinstrainer","Wahlhelferin/Wahlhelfer","Wahlhelferin/Wahlhelfer","Bibliotheksaufsicht","Bibliotheksaufsicht","Lehrerin/Lehrer","Lehrerin/Lehrer","Wahlhelfende unterstützen die Durchführung von Wahlen - hierzu kann man verpflichtet werden.","Wahlhelfende unterstützen die Durchführung von Wahlen - hierzu kann man verpflichtet werden."
general,"Q283","people_society","Was tun Sie, wenn Sie eine falsche Rechnung von einer deutschen Behörde bekommen?","Was tun Sie, wenn Sie eine falsche Rechnung von einer deutschen Behörde bekommen?","Ich lasse die Rechnung liegen.","Ich lasse die Rechnung liegen.","Ich lege Widerspruch bei der Behörde ein.","Ich lege Widerspruch bei der Behörde ein.","Ich schicke die Rechnung an die Behörde zurück.","Ich schicke die Rechnung an die Behörde zurück.","Ich gehe mit der Rechnung zum Finanzamt.","Ich gehe mit der Rechnung zum Finanzamt.","Gegen fehlerhafte Bescheide/Rechnungen ist der Widerspruch das richtige Mittel.","Gegen fehlerhafte Bescheide/Rechnungen ist der Widerspruch das richtige Mittel."
general,"Q284","people_society","Was man für die Arbeit können muss, ändert sich in Zukunft sehr schnell. Was kann man tun?","Was man für die Arbeit können muss, ändert sich in Zukunft sehr schnell. Was kann man tun?","Es ist egal, was man lernt.","Es ist egal, was man lernt.","Erwachsene müssen auch nach der Ausbildung immer weiter lernen.","Erwachsene müssen auch nach der Ausbildung immer weiter lernen.","Kinder lernen in der Schule alles, was im Beruf wichtig ist. Nach der Schule muss man nicht weiter lernen.","Kinder lernen in der Schule alles, was im Beruf wichtig ist. Nach der Schule muss man nicht weiter lernen.","Alle müssen früher aufhören zu arbeiten, weil sich alles ändert.","Alle müssen früher aufhören zu arbeiten, weil sich alles ändert.","Lebenslanges Lernen ist in Deutschland wichtig, um beruflich Schritt zu halten.","Lebenslanges Lernen ist in Deutschland wichtig, um beruflich Schritt zu halten."
general,"Q285","people_society","Frau Frost arbeitet als fest angestellte Mitarbeiterin in einem Büro. Was muss sie nicht von ihrem Gehalt bezahlen?","Frau Frost arbeitet als fest angestellte Mitarbeiterin in einem Büro. Was muss sie nicht von ihrem Gehalt bezahlen?","Lohnsteuer","Lohnsteuer","Beiträge zur Arbeitslosenversicherung","Beiträge zur Arbeitslosenversicherung","Beiträge zur Renten- und Krankenversicherung","Beiträge zur Renten- und Krankenversicherung","Umsatzsteuer","Umsatzsteuer","Die Umsatzsteuer wird von Unternehmen abgeführt, nicht von Arbeitnehmern.","Die Umsatzsteuer wird von Unternehmen abgeführt, nicht von Arbeitnehmern."
general,"Q286","people_society","Welche Organisation in einer Firma hilft den Arbeitnehmerinnen und Arbeitnehmern bei Problemen mit der Arbeitgeberin/dem Arbeitgeber?","Welche Organisation in einer Firma hilft den Arbeitnehmerinnen und Arbeitnehmern bei Problemen mit der Arbeitgeberin/dem Arbeitgeber?","der Betriebsrat","der Betriebsrat","die Betriebsprüferin/der Betriebsprüfer","die Betriebsprüferin/der Betriebsprüfer","die Betriebsgruppe","die Betriebsgruppe","das Betriebsmanagement","das Betriebsmanagement","Der Betriebsrat vertritt die Interessen der Beschäftigten gegenüber dem Arbeitgeber.","Der Betriebsrat vertritt die Interessen der Beschäftigten gegenüber dem Arbeitgeber."
general,"Q287","people_society","Sie möchten bei einer Firma in Deutschland ihr Arbeitsverhältnis beenden. Was müssen Sie beachten?","Sie möchten bei einer Firma in Deutschland ihr Arbeitsverhältnis beenden. Was müssen Sie beachten?","die Gehaltszahlungen","die Gehaltszahlungen","die Arbeitszeit","die Arbeitszeit","die Kündigungsfrist","die Kündigungsfrist","die Versicherungspflicht","die Versicherungspflicht","Bei einer Kündigung müssen Arbeitnehmer die gesetzliche oder vertragliche Kündigungsfrist einhalten.","Bei einer Kündigung müssen Arbeitnehmer die gesetzliche oder vertragliche Kündigungsfrist einhalten."
general,"Q288","history_responsibility","Woraus begründet sich Deutschlands besondere Verantwortung für Israel?","Woraus begründet sich Deutschlands besondere Verantwortung für Israel?","aus der Mitgliedschaft in der Europäischen Union (EU)","aus der Mitgliedschaft in der Europäischen Union (EU)","aus den nationalsozialistischen Verbrechen gegen Juden","aus den nationalsozialistischen Verbrechen gegen Juden","aus dem Grundgesetz der Bundesrepublik Deutschland","aus dem Grundgesetz der Bundesrepublik Deutschland","aus der christlichen Tradition","aus der christlichen Tradition","Aus den NS-Verbrechen gegen das jüdische Volk ergibt sich Deutschlands besondere Verantwortung gegenüber Israel.","Aus den NS-Verbrechen gegen das jüdische Volk ergibt sich Deutschlands besondere Verantwortung gegenüber Israel."
general,"Q289","people_society","Ein Mann mit dunkler Hautfarbe bewirbt sich um eine Stelle als Kellner in einem Restaurant in Deutschland. Was ist ein Beispiel für Diskriminierung? Er bekommt die Stelle nur deshalb nicht, weil …","Ein Mann mit dunkler Hautfarbe bewirbt sich um eine Stelle als Kellner in einem Restaurant in Deutschland. Was ist ein Beispiel für Diskriminierung? Er bekommt die Stelle nur deshalb nicht, weil …","seine Deutschkenntnisse zu gering sind.","seine Deutschkenntnisse zu gering sind.","er zu hohe Gehaltsvorstellungen hat.","er zu hohe Gehaltsvorstellungen hat.","er eine dunkle Haut hat.","er eine dunkle Haut hat.","er keine Erfahrungen im Beruf hat.","er keine Erfahrungen im Beruf hat.","Eine Ablehnung aufgrund der Hautfarbe ist rassistische Diskriminierung.","Eine Ablehnung aufgrund der Hautfarbe ist rassistische Diskriminierung."
general,"Q290","people_society","Sie haben in Deutschland einen Fernseher gekauft. Zu Hause packen Sie den Fernseher aus, doch er funktioniert nicht. Der Fernseher ist kaputt. Was können Sie machen?","Sie haben in Deutschland einen Fernseher gekauft. Zu Hause packen Sie den Fernseher aus, doch er funktioniert nicht. Der Fernseher ist kaputt. Was können Sie machen?","eine Anzeige schreiben","eine Anzeige schreiben","den Fernseher reklamieren","den Fernseher reklamieren","das Gerät ungefragt austauschen","das Gerät ungefragt austauschen","die Garantie verlängern","die Garantie verlängern","Kundinnen und Kunden können mangelhafte Ware reklamieren und Ersatz verlangen.","Kundinnen und Kunden können mangelhafte Ware reklamieren und Ersatz verlangen."
general,"Q291","people_society","Warum muss man in Deutschland bei der Steuererklärung aufschreiben, ob man zu einer Kirche gehört oder nicht? Weil …","Warum muss man in Deutschland bei der Steuererklärung aufschreiben, ob man zu einer Kirche gehört oder nicht? Weil …","es eine Kirchensteuer gibt, die an die Einkommen- und Lohnsteuer geknüpft ist.","es eine Kirchensteuer gibt, die an die Einkommen- und Lohnsteuer geknüpft ist.","das für die Statistik in Deutschland wichtig ist.","das für die Statistik in Deutschland wichtig ist.","man mehr Steuern zahlen muss, wenn man nicht zu einer Kirche gehört.","man mehr Steuern zahlen muss, wenn man nicht zu einer Kirche gehört.","die Kirche für die Steuererklärung verantwortlich ist.","die Kirche für die Steuererklärung verantwortlich ist.","Die Zugehörigkeit zu einer Kirche ist relevant, da Kirchensteuer über das Finanzamt erhoben wird.","Die Zugehörigkeit zu einer Kirche ist relevant, da Kirchensteuer über das Finanzamt erhoben wird."
general,"Q292","people_society","Die Menschen in Deutschland leben nach dem Grundsatz der religiösen Toleranz. Was bedeutet das?","Die Menschen in Deutschland leben nach dem Grundsatz der religiösen Toleranz. Was bedeutet das?","Es dürfen keine Moscheen gebaut werden.","Es dürfen keine Moscheen gebaut werden.","Alle Menschen glauben an Gott.","Alle Menschen glauben an Gott.","Jeder kann glauben, was er möchte.","Jeder kann glauben, was er möchte.","Der Staat entscheidet, an welchen Gott die Menschen glauben.","Der Staat entscheidet, an welchen Gott die Menschen glauben.","Religionsfreiheit erlaubt jedem, seine Religion frei zu wählen oder keine Religion zu haben.","Religionsfreiheit erlaubt jedem, seine Religion frei zu wählen oder keine Religion zu haben."
general,"Q293","people_society","Was ist in Deutschland ein Brauch zu Ostern?","Was ist in Deutschland ein Brauch zu Ostern?","Kürbisse vor die Tür stellen","Kürbisse vor die Tür stellen","einen Tannenbaum schmücken","einen Tannenbaum schmücken","Eier bemalen","Eier bemalen","Raketen in die Luft schießen","Raketen in die Luft schießen","Zu Ostern ist das Bemalen und Verstecken von Eiern ein verbreiteter Brauch.","Zu Ostern ist das Bemalen und Verstecken von Eiern ein verbreiteter Brauch."
general,"Q294","people_society","Pfingsten ist ein …","Pfingsten ist ein …","christlicher Feiertag.","christlicher Feiertag.","deutscher Gedenktag.","deutscher Gedenktag.","internationaler Trauertag.","internationaler Trauertag.","bayerischer Brauch.","bayerischer Brauch.","Pfingsten ist ein christlicher Feiertag an dem der Heilige Geist herabkam, 50 Tage nach Ostern.","Pfingsten ist ein christlicher Feiertag an dem der Heilige Geist herabkam, 50 Tage nach Ostern."
general,"Q295","history_responsibility","Welche Religion hat die europäische und deutsche Kultur geprägt?","Welche Religion hat die europäische und deutsche Kultur geprägt?","der Hinduismus","der Hinduismus","das Christentum","das Christentum","der Buddhismus","der Buddhismus","der Islam","der Islam","Das Christentum prägte über Jahrhunderte Kultur, Kunst und Ethik Europas.","Das Christentum prägte über Jahrhunderte Kultur, Kunst und Ethik Europas."
general,"Q296","people_society","In Deutschland nennt man die letzten vier Wochen vor Weihnachten …","In Deutschland nennt man die letzten vier Wochen vor Weihnachten …","den Buß- und Bettag.","den Buß- und Bettag.","das Erntedankfest.","das Erntedankfest.","die Adventszeit.","die Adventszeit.","Allerheiligen.","Allerheiligen.","Die Adventszeit ist die christliche Vorbereitungszeit auf Weihnachten.","Die Adventszeit ist die christliche Vorbereitungszeit auf Weihnachten."
general,"Q297","people_society","Aus welchem Land sind die meisten Migrantinnen und Migranten nach Deutschland gekommen?","Aus welchem Land sind die meisten Migrantinnen und Migranten nach Deutschland gekommen?","Italien","Italien","Polen","Polen","Marokko","Marokko","Türkei","Türkei","Die größte Gruppe der nachkriegszeitlichen Zuwanderer kam aus der Türkei.","Die größte Gruppe der nachkriegszeitlichen Zuwanderer kam aus der Türkei."
general,"Q298","history_responsibility","In der DDR lebten vor allem Migrantinnen und Migranten aus …","In der DDR lebten vor allem Migrantinnen und Migranten aus …","Vietnam, Polen, Mosambik.","Vietnam, Polen, Mosambik.","Frankreich, Rumänien, Somalia.","Frankreich, Rumänien, Somalia.","Chile, Ungarn, Simbabwe.","Chile, Ungarn, Simbabwe.","Nordkorea, Mexiko, Ägypten.","Nordkorea, Mexiko, Ägypten.","In der DDR arbeiteten vor allem Vertragsarbeiter aus Vietnam, Polen und Mosambik.","In der DDR arbeiteten vor allem Vertragsarbeiter aus Vietnam, Polen und Mosambik."
general,"Q299","history_responsibility","Ausländische Arbeitnehmerinnen und Arbeitnehmer, die in den 50er und 60er Jahren von der Bundesrepublik Deutschland angeworben wurden, nannte man …","Ausländische Arbeitnehmerinnen und Arbeitnehmer, die in den 50er und 60er Jahren von der Bundesrepublik Deutschland angeworben wurden, nannte man …","Schwarzarbeiterinnen/Schwarzarbeiter.","Schwarzarbeiterinnen/Schwarzarbeiter.","Gastarbeiterinnen/Gastarbeiter.","Gastarbeiterinnen/Gastarbeiter.","Zeitarbeiterinnen/Zeitarbeiter.","Zeitarbeiterinnen/Zeitarbeiter.","Schichtarbeiterinnen/Schichtarbeiter.","Schichtarbeiterinnen/Schichtarbeiter.","Gastarbeiter kamen in den 1950er-60er Jahren im Rahmen von Anwerbeabkommen nach Deutschland.","Gastarbeiter kamen in den 1950er-60er Jahren im Rahmen von Anwerbeabkommen nach Deutschland."
general,"Q300","history_responsibility","Aus welchem Land kamen die ersten Gastarbeiterinnen und Gastarbeiter in die Bundesrepublik Deutschland?","Aus welchem Land kamen die ersten Gastarbeiterinnen und Gastarbeiter in die Bundesrepublik Deutschland?","Italien","Italien","Spanien","Spanien","Portugal","Portugal","Türkei","Türkei","Das erste Anwerbeabkommen schloss Deutschland 1955 mit Italien.","Das erste Anwerbeabkommen schloss Deutschland 1955 mit Italien."
state:BW,"BW001","state","Welches Wappen gehört zum Bundesland Baden-Württemberg?","Welches Wappen gehört zum Bundesland Baden-Württemberg?","Bild 1","Bild 1","Bild 2","Bild 2","Bild 3","Bild 3","Bild 4","Bild 4","Das Landeswappen Baden-Württembergs zeigt drei schwarze Löwen auf goldenem Schild (Bild 1).","Das Landeswappen Baden-Württembergs zeigt drei schwarze Löwen auf goldenem Schild (Bild 1)."
state:BW,"BW002","state","Welches ist ein Landkreis in Baden-Württemberg?","Welches ist ein Landkreis in Baden-Württemberg?","Mecklenburgische Seenplatte","Mecklenburgische Seenplatte","Neckar-Odenwald-Kreis","Neckar-Odenwald-Kreis","Nordfriesland","Nordfriesland","Altötting","Altötting","Der Neckar-Odenwald-Kreis liegt im Norden Baden-Württembergs.","Der Neckar-Odenwald-Kreis liegt im Norden Baden-Württembergs."
state:BW,"BW003","state","Für wie viele Jahre wird der Landtag in Baden-Württemberg gewählt?","Für wie viele Jahre wird der Landtag in Baden-Württemberg gewählt?","3","3","4","4","5","5","6","6","Die Wahlperiode des Landtags Baden-Württemberg beträgt 5 Jahre.","Die Wahlperiode des Landtags Baden-Württemberg beträgt 5 Jahre."
state:BW,"BW004","state","Ab welchem Alter darf man in Baden-Württemberg bei Kommunalwahlen wählen?","Ab welchem Alter darf man in Baden-Württemberg bei Kommunalwahlen wählen?","14","14","16","16","18","18","20","20","Das Wahlalter für Kommunalwahlen in Baden-Württemberg beträgt 16 Jahre.","Das Wahlalter für Kommunalwahlen in Baden-Württemberg beträgt 16 Jahre."
state:BW,"BW005","state","Welche Farben hat die Landesflagge von Baden-Württemberg?","Welche Farben hat die Landesflagge von Baden-Württemberg?","blau-weiß-rot","blau-weiß-rot","schwarz-gold","schwarz-gold","weiß-blau","weiß-blau","grün-weiß-rot","grün-weiß-rot","Die Landesfarben Baden-Württembergs sind Schwarz und Gold.","Die Landesfarben Baden-Württembergs sind Schwarz und Gold."
state:BW,"BW006","state","Wo können Sie sich in Baden-Württemberg über politische Themen informieren?","Wo können Sie sich in Baden-Württemberg über politische Themen informieren?","beim Ordnungsamt der Gemeinde","beim Ordnungsamt der Gemeinde","bei der Verbraucherzentrale","bei der Verbraucherzentrale","bei der Landeszentrale für politische Bildung","bei der Landeszentrale für politische Bildung","bei den Kirchen","bei den Kirchen","Die Landeszentrale für politische Bildung informiert über politische Themen in Baden-Württemberg.","Die Landeszentrale für politische Bildung informiert über politische Themen in Baden-Württemberg."
state:BW,"BW007","state","Die Landeshauptstadt von Baden-Württemberg heißt …","Die Landeshauptstadt von Baden-Württemberg heißt …","Heidelberg.","Heidelberg.","Stuttgart.","Stuttgart.","Karlsruhe.","Karlsruhe.","Mannheim.","Mannheim.","Stuttgart ist Regierungssitz und Landeshauptstadt Baden-Württembergs.","Stuttgart ist Regierungssitz und Landeshauptstadt Baden-Württembergs."
state:BW,"BW008","state","Welches Bundesland ist Baden-Württemberg?","Welches Bundesland ist Baden-Württemberg?","1","1","2","2","3","3","4","4","Auf der Deutschlandkarte ist Baden-Württemberg als südwestliches Bundesland (Nr. 2) markiert.","Auf der Deutschlandkarte ist Baden-Württemberg als südwestliches Bundesland (Nr. 2) markiert."
state:BW,"BW009","state","Wie nennt man die Regierungschefin/den Regierungschef in Baden-Württemberg?","Wie nennt man die Regierungschefin/den Regierungschef in Baden-Württemberg?","Erste Ministerin/Erster Minister","Erste Ministerin/Erster Minister","Premierministerin/Premierminister","Premierministerin/Premierminister","Bürgermeisterin/Bürgermeister","Bürgermeisterin/Bürgermeister","Ministerpräsidentin/Ministerpräsident","Ministerpräsidentin/Ministerpräsident","Der Regierungschef eines Bundeslandes heißt Ministerpräsident bzw. Ministerpräsidentin.","Der Regierungschef eines Bundeslandes heißt Ministerpräsident bzw. Ministerpräsidentin."
state:BW,"BW010","state","Welche Ministerin/welchen Minister hat Baden-Württemberg nicht?","Welche Ministerin/welchen Minister hat Baden-Württemberg nicht?","Finanzministerin/Finanzminister","Finanzministerin/Finanzminister","Justizministerin/Justizminister","Justizministerin/Justizminister","Innenministerin/Innenminister","Innenministerin/Innenminister","Außenministerin/Außenminister","Außenministerin/Außenminister","Außenpolitik ist Aufgabe des Bundes, daher hat Baden-Württemberg keine Außenministerin bzw. keinen Außenminister.","Außenpolitik ist Aufgabe des Bundes, daher hat Baden-Württemberg keine Außenministerin bzw. keinen Außenminister."
state:BY,"BY001","state","Welches Wappen gehört zum Freistaat Bayern?","Welches Wappen gehört zum Freistaat Bayern?","Bild 1","Bild 1","Bild 2","Bild 2","Bild 3","Bild 3","Bild 4","Bild 4","Das bayerische Wappen zeigt den weiß-blauen Rautenschild mit Krone (Bild 2).","Das bayerische Wappen zeigt den weiß-blauen Rautenschild mit Krone (Bild 2)."
state:BY,"BY002","state","Welches ist ein Landkreis in Bayern?","Welches ist ein Landkreis in Bayern?","Prignitz","Prignitz","Rhein-Sieg-Kreis","Rhein-Sieg-Kreis","Nordfriesland","Nordfriesland","Altötting","Altötting","Altötting liegt im Südosten Bayerns.","Altötting liegt im Südosten Bayerns."
state:BY,"BY003","state","Für wie viele Jahre wird der Landtag in Bayern gewählt?","Für wie viele Jahre wird der Landtag in Bayern gewählt?","3","3","4","4","5","5","6","6","Die Wahlperiode des Bayerischen Landtags beträgt 5 Jahre.","Die Wahlperiode des Bayerischen Landtags beträgt 5 Jahre."
state:BY,"BY004","state","Ab welchem Alter darf man in Bayern bei Kommunalwahlen wählen?","Ab welchem Alter darf man in Bayern bei Kommunalwahlen wählen?","14","14","16","16","18","18","20","20","In Bayern dürfen Bürgerinnen und Bürger ab 18 Jahren bei Kommunalwahlen wählen.","In Bayern dürfen Bürgerinnen und Bürger ab 18 Jahren bei Kommunalwahlen wählen."
state:BY,"BY005","state","Welche Farben hat die Landesflagge von Bayern?","Welche Farben hat die Landesflagge von Bayern?","blau-weiß-rot","blau-weiß-rot","weiß-blau","weiß-blau","grün-weiß-rot","grün-weiß-rot","schwarz-gelb","schwarz-gelb","Die bayerische Flagge zeigt die Landesfarben Weiß und Blau.","Die bayerische Flagge zeigt die Landesfarben Weiß und Blau."
state:BY,"BY006","state","Wo können Sie sich in Bayern über politische Themen informieren?","Wo können Sie sich in Bayern über politische Themen informieren?","beim Ordnungsamt der Gemeinde","beim Ordnungsamt der Gemeinde","bei der Landeszentrale für politische Bildung","bei der Landeszentrale für politische Bildung","bei der Verbraucherzentrale","bei der Verbraucherzentrale","bei den Kirchen","bei den Kirchen","Die Bayerische Landeszentrale für politische Bildungsarbeit bietet Informationen zu politischen Themen.","Die Bayerische Landeszentrale für politische Bildungsarbeit bietet Informationen zu politischen Themen."
state:BY,"BY007","state","Die Landeshauptstadt von Bayern heißt …","Die Landeshauptstadt von Bayern heißt …","Ingolstadt.","Ingolstadt.","Regensburg.","Regensburg.","Nürnberg.","Nürnberg.","München.","München.","München ist die Landeshauptstadt und Regierungssitz des Freistaates Bayern.","München ist die Landeshauptstadt und Regierungssitz des Freistaates Bayern."
state:BY,"BY008","state","Welches Bundesland ist Bayern?","Welches Bundesland ist Bayern?","1","1","2","2","3","3","4","4","Auf der Deutschlandkarte ist Bayern als südöstliches Bundesland (Nr. 4) markiert.","Auf der Deutschlandkarte ist Bayern als südöstliches Bundesland (Nr. 4) markiert."
state:BY,"BY009","state","Wie nennt man die Regierungschefin/den Regierungschef in Bayern?","Wie nennt man die Regierungschefin/den Regierungschef in Bayern?","Erste Ministerin/Erster Minister","Erste Ministerin/Erster Minister","Premierministerin/Premierminister","Premierministerin/Premierminister","Bürgermeisterin/Bürgermeister","Bürgermeisterin/Bürgermeister","Ministerpräsidentin/Ministerpräsident","Ministerpräsidentin/Ministerpräsident","Der Regierungschef des Freistaates Bayern heißt Ministerpräsident oder Ministerpräsidentin.","Der Regierungschef des Freistaates Bayern heißt Ministerpräsident oder Ministerpräsidentin."
state:BY,"BY010","state","Welche Ministerin/welchen Minister hat Bayern nicht?","Welche Ministerin/welchen Minister hat Bayern nicht?","Justizministerin/Justizminister","Justizministerin/Justizminister","Außenministerin/Außenminister","Außenministerin/Außenminister","Finanzministerin/Finanzminister","Finanzministerin/Finanzminister","Innenministerin/Innenminister","Innenministerin/Innenminister","Außenpolitik ist Sache des Bundes; Bayern hat daher keine Außenministerin bzw. keinen Außenminister.","Außenpolitik ist Sache des Bundes; Bayern hat daher keine Außenministerin bzw. keinen Außenminister."
state:BE,"BE001","state","Welches Wappen gehört zum Bundesland Berlin?","Welches Wappen gehört zum Bundesland Berlin?","Bild 1","Bild 1","Bild 2","Bild 2","Bild 3","Bild 3","Bild 4","Bild 4","Das Berliner Wappen zeigt den schwarzen Bären auf weißem Schild mit roter Krone (Bild 4).","Das Berliner Wappen zeigt den schwarzen Bären auf weißem Schild mit roter Krone (Bild 4)."
state:BE,"BE002","state","Welches ist ein Bezirk von Berlin?","Welches ist ein Bezirk von Berlin?","Altona","Altona","Prignitz","Prignitz","Pankow","Pankow","Mecklenburgische Seenplatte","Mecklenburgische Seenplatte","Pankow ist einer der zwölf Bezirke Berlins.","Pankow ist einer der zwölf Bezirke Berlins."
state:BE,"BE003","state","Für wie viele Jahre wird das Landesparlament in Berlin gewählt?","Für wie viele Jahre wird das Landesparlament in Berlin gewählt?","3","3","4","4","5","5","6","6","Das Abgeordnetenhaus von Berlin wird für 5 Jahre gewählt.","Das Abgeordnetenhaus von Berlin wird für 5 Jahre gewählt."
state:BE,"BE004","state","Ab welchem Alter darf man in Berlin bei Kommunalwahlen (Wahl der Bezirksverordnetenversammlung) wählen?","Ab welchem Alter darf man in Berlin bei Kommunalwahlen (Wahl der Bezirksverordnetenversammlung) wählen?","14","14","16","16","18","18","20","20","In Berlin dürfen Bürgerinnen und Bürger ab 16 Jahren bei den Bezirksverordnetenwahlen teilnehmen.","In Berlin dürfen Bürgerinnen und Bürger ab 16 Jahren bei den Bezirksverordnetenwahlen teilnehmen."
state:BE,"BE005","state","Welche Farben hat die Landesflagge von Berlin?","Welche Farben hat die Landesflagge von Berlin?","blau-weiß-rot","blau-weiß-rot","weiß-rot","weiß-rot","grün-weiß-rot","grün-weiß-rot","schwarz-gold","schwarz-gold","Die Berliner Landesflagge ist weiß-rot mit einem schwarzen Bären.","Die Berliner Landesflagge ist weiß-rot mit einem schwarzen Bären."
state:BE,"BE006","state","Wo können Sie sich in Berlin über politische Themen informieren?","Wo können Sie sich in Berlin über politische Themen informieren?","beim Ordnungsamt der Gemeinde","beim Ordnungsamt der Gemeinde","bei den Kirchen","bei den Kirchen","bei der Verbraucherzentrale","bei der Verbraucherzentrale","bei der Landeszentrale für politische Bildung","bei der Landeszentrale für politische Bildung","Die Berliner Landeszentrale für politische Bildung informiert Bürgerinnen und Bürger über politische Themen.","Die Berliner Landeszentrale für politische Bildung informiert Bürgerinnen und Bürger über politische Themen."
state:BE,"BE007","state","Welches Bundesland ist ein Stadtstaat?","Welches Bundesland ist ein Stadtstaat?","Berlin","Berlin","Saarland","Saarland","Brandenburg","Brandenburg","Hessen","Hessen","Berlin ist - wie Hamburg und Bremen - ein Stadtstaat, also Stadt und Bundesland zugleich.","Berlin ist - wie Hamburg und Bremen - ein Stadtstaat, also Stadt und Bundesland zugleich."
state:BE,"BE008","state","Welches Bundesland ist Berlin?","Welches Bundesland ist Berlin?","1","1","2","2","3","3","4","4","Auf der Deutschlandkarte ist Berlin als eigenständiger Stadtstaat (Nr. 4) markiert.","Auf der Deutschlandkarte ist Berlin als eigenständiger Stadtstaat (Nr. 4) markiert."
state:BE,"BE009","state","Wie nennt man die Regierungschefin/den Regierungschef des Stadtstaates Berlin?","Wie nennt man die Regierungschefin/den Regierungschef des Stadtstaates Berlin?","Ministerpräsidentin/Ministerpräsident","Ministerpräsidentin/Ministerpräsident","Oberbürgermeisterin/Oberbürgermeister","Oberbürgermeisterin/Oberbürgermeister","Präsidentin/Präsident des Senates","Präsidentin/Präsident des Senates","Regierende Bürgermeisterin/Regierender Bürgermeister","Regierende Bürgermeisterin/Regierender Bürgermeister","Die Regierungschefin oder der Regierungschef Berlins trägt den Titel Regierende Bürgermeisterin bzw. Regierender Bürgermeister.","Die Regierungschefin oder der Regierungschef Berlins trägt den Titel Regierende Bürgermeisterin bzw. Regierender Bürgermeister."
state:BE,"BE010","state","Welche Senatorin/welchen Senator hat Berlin nicht?","Welche Senatorin/welchen Senator hat Berlin nicht?","Finanzsenatorin/Finanzsenator","Finanzsenatorin/Finanzsenator","Innensenatorin/Innensenator","Innensenatorin/Innensenator","Senatorin/Senator für Außenbeziehungen","Senatorin/Senator für Außenbeziehungen","Justizsenatorin/Justizsenator","Justizsenatorin/Justizsenator","Außenpolitik ist Aufgabe des Bundes, daher gibt es in Berlin keinen Senator für Außenbeziehungen.","Außenpolitik ist Aufgabe des Bundes, daher gibt es in Berlin keinen Senator für Außenbeziehungen."
state:BB,"BB001","state","Welches Wappen gehört zum Bundesland Brandenburg?","Welches Wappen gehört zum Bundesland Brandenburg?","Bild 1","Bild 1","Bild 2","Bild 2","Bild 3","Bild 3","Bild 4","Bild 4","Das Landeswappen Brandenburgs zeigt einen roten Adler auf weißem Hintergrund (Bild 1).","Das Landeswappen Brandenburgs zeigt einen roten Adler auf weißem Hintergrund (Bild 1)."
state:BB,"BB002","state","Welches ist ein Landkreis in Brandenburg?","Welches ist ein Landkreis in Brandenburg?","Prignitz","Prignitz","Rhein-Sieg-Kreis","Rhein-Sieg-Kreis","Vogtlandkreis","Vogtlandkreis","Amberg-Sulzbach","Amberg-Sulzbach","Die Prignitz ist ein Landkreis im Nordwesten des Landes Brandenburg.","Die Prignitz ist ein Landkreis im Nordwesten des Landes Brandenburg."
state:BB,"BB003","state","Für wie viele Jahre wird der Landtag in Brandenburg gewählt?","Für wie viele Jahre wird der Landtag in Brandenburg gewählt?","3","3","4","4","5","5","6","6","Die Wahlperiode des Brandenburger Landtags beträgt 5 Jahre.","Die Wahlperiode des Brandenburger Landtags beträgt 5 Jahre."
state:BB,"BB004","state","Ab welchem Alter darf man in Brandenburg bei Kommunalwahlen wählen?","Ab welchem Alter darf man in Brandenburg bei Kommunalwahlen wählen?","14","14","16","16","18","18","20","20","In Brandenburg dürfen Bürgerinnen und Bürger ab 16 Jahren bei Kommunalwahlen wählen.","In Brandenburg dürfen Bürgerinnen und Bürger ab 16 Jahren bei Kommunalwahlen wählen."
state:BB,"BB005","state","Welche Farben hat die Landesflagge von Brandenburg?","Welche Farben hat die Landesflagge von Brandenburg?","blau-weiß-rot","blau-weiß-rot","rot-weiß","rot-weiß","grün-weiß-rot","grün-weiß-rot","schwarz-gelb","schwarz-gelb","Die Landesflagge Brandenburgs ist rot-weiß mit dem roten Adler im Zentrum.","Die Landesflagge Brandenburgs ist rot-weiß mit dem roten Adler im Zentrum."
state:BB,"BB006","state","Wo können Sie sich in Brandenburg über politische Themen informieren?","Wo können Sie sich in Brandenburg über politische Themen informieren?","bei den Kirchen","bei den Kirchen","beim Ordnungsamt der Gemeinde","beim Ordnungsamt der Gemeinde","bei der Landeszentrale für politische Bildung","bei der Landeszentrale für politische Bildung","bei der Verbraucherzentrale","bei der Verbraucherzentrale","Die Landeszentrale für politische Bildung Brandenburg bietet Informationen zu Politik und Gesellschaft.","Die Landeszentrale für politische Bildung Brandenburg bietet Informationen zu Politik und Gesellschaft."
state:BB,"BB007","state","Die Landeshauptstadt von Brandenburg heißt …","Die Landeshauptstadt von Brandenburg heißt …","Potsdam.","Potsdam.","Cottbus.","Cottbus.","Brandenburg.","Brandenburg.","Frankfurt/Oder.","Frankfurt/Oder.","Potsdam ist die Landeshauptstadt und Regierungssitz des Landes Brandenburg.","Potsdam ist die Landeshauptstadt und Regierungssitz des Landes Brandenburg."
state:BB,"BB008","state","Welches Bundesland ist Brandenburg?","Welches Bundesland ist Brandenburg?","1","1","2","2","3","3","4","4","Auf der Deutschlandkarte ist Brandenburg im Osten, rund um Berlin (Nr. 4), markiert.","Auf der Deutschlandkarte ist Brandenburg im Osten, rund um Berlin (Nr. 4), markiert."
state:BB,"BB009","state","Wie nennt man die Regierungschefin/den Regierungschef in Brandenburg?","Wie nennt man die Regierungschefin/den Regierungschef in Brandenburg?","Erste Ministerin/Erster Minister","Erste Ministerin/Erster Minister","Premierministerin/Premierminister","Premierministerin/Premierminister","Bürgermeisterin/Bürgermeister","Bürgermeisterin/Bürgermeister","Ministerpräsidentin/Ministerpräsident","Ministerpräsidentin/Ministerpräsident","Der Regierungschef Brandenburgs trägt den Titel Ministerpräsident bzw. Ministerpräsidentin.","Der Regierungschef Brandenburgs trägt den Titel Ministerpräsident bzw. Ministerpräsidentin."
state:BB,"BB010","state","Welche Ministerin/welchen Minister hat Brandenburg nicht?","Welche Ministerin/welchen Minister hat Brandenburg nicht?","Justizministerin/Justizminister","Justizministerin/Justizminister","Außenministerin/Außenminister","Außenministerin/Außenminister","Finanzministerin/Finanzminister","Finanzministerin/Finanzminister","Innenministerin/Innenminister","Innenministerin/Innenminister","Außenpolitik ist Aufgabe des Bundes, daher hat Brandenburg keine Außenministerin bzw. keinen Außenminister.","Außenpolitik ist Aufgabe des Bundes, daher hat Brandenburg keine Außenministerin bzw. keinen Außenminister."
state:HB,"HB001","state","Welches Wappen gehört zur Freien Hansestadt Bremen?","Welches Wappen gehört zur Freien Hansestadt Bremen?","Bild 1","Bild 1","Bild 2","Bild 2","Bild 3","Bild 3","Bild 4","Bild 4","Das Wappen Bremens zeigt einen silbernen Schlüssel auf rotem Grund (Bild 3).","Das Wappen Bremens zeigt einen silbernen Schlüssel auf rotem Grund (Bild 3)."
state:HB,"HB002","state","Welches ist ein Stadtteil von Bremen?","Welches ist ein Stadtteil von Bremen?","Altona","Altona","Hemelingen","Hemelingen","Pankow","Pankow","Babelsberg","Babelsberg","Hemelingen ist einer der Stadtteile der Freien Hansestadt Bremen.","Hemelingen ist einer der Stadtteile der Freien Hansestadt Bremen."
state:HB,"HB003","state","Für wie viele Jahre wird das Landesparlament in Bremen gewählt?","Für wie viele Jahre wird das Landesparlament in Bremen gewählt?","3","3","4","4","5","5","6","6","Die Bürgerschaft der Freien Hansestadt Bremen wird alle 4 Jahre gewählt.","Die Bürgerschaft der Freien Hansestadt Bremen wird alle 4 Jahre gewählt."
state:HB,"HB004","state","Ab welchem Alter darf man in Bremen bei den Wahlen zur Bürgerschaft (Landtag) wählen?","Ab welchem Alter darf man in Bremen bei den Wahlen zur Bürgerschaft (Landtag) wählen?","14","14","16","16","18","18","20","20","Das Wahlalter zur Bremischen Bürgerschaft liegt bei 16 Jahren.","Das Wahlalter zur Bremischen Bürgerschaft liegt bei 16 Jahren."
state:HB,"HB005","state","Welche Farben hat die Landesflagge von Bremen?","Welche Farben hat die Landesflagge von Bremen?","blau-weiß-rot","blau-weiß-rot","rot-weiß","rot-weiß","grün-weiß-rot","grün-weiß-rot","schwarz-gold","schwarz-gold","Die Landesflagge Bremens besteht aus roten und weißen Streifen.","Die Landesflagge Bremens besteht aus roten und weißen Streifen."
state:HB,"HB006","state","Wo können Sie sich in Bremen über politische Themen informieren?","Wo können Sie sich in Bremen über politische Themen informieren?","beim Ordnungsamt der Gemeinde","beim Ordnungsamt der Gemeinde","bei der Landeszentrale für politische Bildung","bei der Landeszentrale für politische Bildung","bei den Kirchen","bei den Kirchen","bei der Verbraucherzentrale","bei der Verbraucherzentrale","Die Landeszentrale für politische Bildung Bremen informiert über politische Themen und Zusammenhänge.","Die Landeszentrale für politische Bildung Bremen informiert über politische Themen und Zusammenhänge."
state:HB,"HB007","state","Was ist ein deutscher Stadtstaat?","Was ist ein deutscher Stadtstaat?","Bremen","Bremen","München","München","Frankfurt","Frankfurt","Erfurt","Erfurt","Bremen ist - wie Hamburg und Berlin - ein Stadtstaat, also Stadt und Bundesland zugleich.","Bremen ist - wie Hamburg und Berlin - ein Stadtstaat, also Stadt und Bundesland zugleich."
state:HB,"HB008","state","Welches Bundesland ist Bremen?","Welches Bundesland ist Bremen?","1","1","2","2","3","3","4","4","Auf der Deutschlandkarte ist Bremen im Nordwesten als Stadtstaat (Nr. 1) markiert.","Auf der Deutschlandkarte ist Bremen im Nordwesten als Stadtstaat (Nr. 1) markiert."
state:HB,"HB009","state","Wie nennt man die Regierungschefin/den Regierungschef des Stadtstaates Bremen?","Wie nennt man die Regierungschefin/den Regierungschef des Stadtstaates Bremen?","Ministerpräsidentin/Ministerpräsident","Ministerpräsidentin/Ministerpräsident","Erste Bürgermeisterin/Erster Bürgermeister","Erste Bürgermeisterin/Erster Bürgermeister","Präsidentin/Präsident des Senates","Präsidentin/Präsident des Senates","Regierende Bürgermeisterin/Regierender Bürgermeister","Regierende Bürgermeisterin/Regierender Bürgermeister","Der Regierungschef Bremens trägt den Titel Präsident bzw. Präsidentin des Senats, da Bremen einen Senat als Regierung hat.","Der Regierungschef Bremens trägt den Titel Präsident bzw. Präsidentin des Senats, da Bremen einen Senat als Regierung hat."
state:HB,"HB010","state","Welche Senatorin/welchen Senator hat Bremen nicht?","Welche Senatorin/welchen Senator hat Bremen nicht?","Senatorin/Senator für Außenbeziehungen","Senatorin/Senator für Außenbeziehungen","Finanzsenatorin/Finanzsenator","Finanzsenatorin/Finanzsenator","Justizsenatorin/Justizsenator","Justizsenatorin/Justizsenator","Innensenatorin/Innensenator","Innensenatorin/Innensenator","Außenpolitik ist Aufgabe des Bundes, daher hat Bremen keinen Senator für Außenbeziehungen.","Außenpolitik ist Aufgabe des Bundes, daher hat Bremen keinen Senator für Außenbeziehungen."
state:HH,"HH001","state","Welches Wappen gehört zur Freien und Hansestadt Hamburg?","Welches Wappen gehört zur Freien und Hansestadt Hamburg?","Bild 1","Bild 1","Bild 2","Bild 2","Bild 3","Bild 3","Bild 4","Bild 4","Das Wappen Hamburgs zeigt eine weiße Burg mit drei Türmen auf rotem Grund (Bild 2).","Das Wappen Hamburgs zeigt eine weiße Burg mit drei Türmen auf rotem Grund (Bild 2)."
state:HH,"HH002","state","Welches ist ein Bezirk von Hamburg?","Welches ist ein Bezirk von Hamburg?","Altona","Altona","Hemelingen","Hemelingen","Pankow","Pankow","Mecklenburgische Seenplatte","Mecklenburgische Seenplatte","Altona ist einer der sieben Bezirke der Freien und Hansestadt Hamburg.","Altona ist einer der sieben Bezirke der Freien und Hansestadt Hamburg."
state:HH,"HH003","state","Für wie viele Jahre wird das Landesparlament in Hamburg gewählt?","Für wie viele Jahre wird das Landesparlament in Hamburg gewählt?","3","3","4","4","5","5","6","6","Die Hamburgische Bürgerschaft wird alle 5 Jahre gewählt.","Die Hamburgische Bürgerschaft wird alle 5 Jahre gewählt."
state:HH,"HH004","state","Ab welchem Alter darf man in Hamburg bei Kommunalwahlen (Wahl der Bezirksversammlungen) wählen?","Ab welchem Alter darf man in Hamburg bei Kommunalwahlen (Wahl der Bezirksversammlungen) wählen?","14","14","16","16","18","18","20","20","Das Wahlalter für die Bezirksversammlungen in Hamburg beträgt 16 Jahre.","Das Wahlalter für die Bezirksversammlungen in Hamburg beträgt 16 Jahre."
state:HH,"HH005","state","Welche Farben hat die Landesflagge von Hamburg?","Welche Farben hat die Landesflagge von Hamburg?","blau-weiß-rot","blau-weiß-rot","weiß-rot","weiß-rot","grün-weiß-rot","grün-weiß-rot","schwarz-gelb","schwarz-gelb","Die Landesflagge Hamburgs ist weiß-rot mit dem Stadtwappen in der Mitte.","Die Landesflagge Hamburgs ist weiß-rot mit dem Stadtwappen in der Mitte."
state:HH,"HH006","state","Wo können Sie sich in Hamburg über politische Themen informieren?","Wo können Sie sich in Hamburg über politische Themen informieren?","beim Ordnungsamt der Gemeinde","beim Ordnungsamt der Gemeinde","bei der Verbraucherzentrale","bei der Verbraucherzentrale","bei den Kirchen","bei den Kirchen","bei der Landeszentrale für politische Bildung","bei der Landeszentrale für politische Bildung","Die Landeszentrale für politische Bildung Hamburg informiert Bürgerinnen und Bürger über politische Themen.","Die Landeszentrale für politische Bildung Hamburg informiert Bürgerinnen und Bürger über politische Themen."
state:HH,"HH007","state","Welches Bundesland ist ein Stadtstaat?","Welches Bundesland ist ein Stadtstaat?","Hamburg","Hamburg","Sachsen","Sachsen","Bayern","Bayern","Thüringen","Thüringen","Hamburg ist - wie Berlin und Bremen - ein Stadtstaat, also Stadt und Bundesland zugleich.","Hamburg ist - wie Berlin und Bremen - ein Stadtstaat, also Stadt und Bundesland zugleich."
state:HH,"HH008","state","Welches Bundesland ist Hamburg?","Welches Bundesland ist Hamburg?","1","1","2","2","3","3","4","4","Auf der Deutschlandkarte ist Hamburg als Stadtstaat im Norden (Nr. 3) markiert.","Auf der Deutschlandkarte ist Hamburg als Stadtstaat im Norden (Nr. 3) markiert."
state:HH,"HH009","state","Wie nennt man die Regierungschefin/den Regierungschef des Stadtstaates Hamburg?","Wie nennt man die Regierungschefin/den Regierungschef des Stadtstaates Hamburg?","Ministerpräsidentin/Ministerpräsident","Ministerpräsidentin/Ministerpräsident","Erste Bürgermeisterin/Erster Bürgermeister","Erste Bürgermeisterin/Erster Bürgermeister","Regierende Senatorin/Regierender Senator","Regierende Senatorin/Regierender Senator","Oberbürgermeisterin/Oberbürgermeister","Oberbürgermeisterin/Oberbürgermeister","Der Regierungschef Hamburgs trägt den Titel Erste Bürgermeisterin bzw. Erster Bürgermeister.","Der Regierungschef Hamburgs trägt den Titel Erste Bürgermeisterin bzw. Erster Bürgermeister."
state:HH,"HH010","state","Welche Senatorin/welchen Senator hat Hamburg nicht?","Welche Senatorin/welchen Senator hat Hamburg nicht?","Justizsenatorin/Justizsenator","Justizsenatorin/Justizsenator","Senatorin/Senator für Außenbeziehungen","Senatorin/Senator für Außenbeziehungen","Finanzsenatorin/Finanzsenator","Finanzsenatorin/Finanzsenator","Innensenatorin/Innensenator","Innensenatorin/Innensenator","Außenpolitik ist Aufgabe des Bundes; Hamburg hat daher keinen Senator für Außenbeziehungen.","Außenpolitik ist Aufgabe des Bundes; Hamburg hat daher keinen Senator für Außenbeziehungen."
state:HE,"HE001","state","Welches Wappen gehört zum Bundesland Hessen?","Welches Wappen gehört zum Bundesland Hessen?","Bild 1","Bild 1","Bild 2","Bild 2","Bild 3","Bild 3","Bild 4","Bild 4","Das hessische Wappen zeigt einen rot-weiß gestreiften Löwen auf blauem Grund (Bild 1).","Das hessische Wappen zeigt einen rot-weiß gestreiften Löwen auf blauem Grund (Bild 1)."
state:HE,"HE002","state","Welches ist ein Landkreis in Hessen?","Welches ist ein Landkreis in Hessen?","Ammerland","Ammerland","Altötting","Altötting","Prignitz","Prignitz","Main-Taunus-Kreis","Main-Taunus-Kreis","Main-Taunus-Kreis liegt in Hessen.","Main-Taunus-Kreis liegt in Hessen."
state:HE,"HE003","state","Für wie viele Jahre wird der Landtag in Hessen gewählt?","Für wie viele Jahre wird der Landtag in Hessen gewählt?","3","3","4","4","5","5","6","6","Wahlperiode: 5 Jahre.","Wahlperiode: 5 Jahre."
state:HE,"HE004","state","Ab welchem Alter darf man in Hessen bei Kommunalwahlen wählen?","Ab welchem Alter darf man in Hessen bei Kommunalwahlen wählen?","14","14","16","16","18","18","20","20","Kommunalwahlalter: 16 Jahre.","Kommunalwahlalter: 16 Jahre."
state:HE,"HE005","state","Welche Farben hat die Landesflagge von Hessen?","Welche Farben hat die Landesflagge von Hessen?","blau-weiß-rot","blau-weiß-rot","rot-weiß","rot-weiß","schwarz-gold","schwarz-gold","grün-weiß-rot","grün-weiß-rot","Rot-Weiß sind die Landesfarben Hessens.","Rot-Weiß sind die Landesfarben Hessens."
state:HE,"HE006","state","Wo können Sie sich in Hessen über politische Themen informieren?","Wo können Sie sich in Hessen über politische Themen informieren?","bei der Landeszentrale für politische Bildung","bei der Landeszentrale für politische Bildung","bei der Verbraucherzentrale","bei der Verbraucherzentrale","beim Ordnungsamt der Gemeinde","beim Ordnungsamt der Gemeinde","bei den Kirchen","bei den Kirchen","Zuständig ist die Landeszentrale für politische Bildung.","Zuständig ist die Landeszentrale für politische Bildung."
state:HE,"HE007","state","Die Landeshauptstadt von Hessen heißt …","Die Landeshauptstadt von Hessen heißt …","Kassel.","Kassel.","Darmstadt.","Darmstadt.","Frankfurt.","Frankfurt.","Wiesbaden.","Wiesbaden.","Wiesbaden ist die Landeshauptstadt.","Wiesbaden ist die Landeshauptstadt."
state:HE,"HE008","state","Welches Bundesland ist Hessen?","Welches Bundesland ist Hessen?","1","1","2","2","3","3","4","4","Auf der Deutschlandkarte liegt Hessen in der Mitte (Nr. 3).","Auf der Deutschlandkarte liegt Hessen in der Mitte (Nr. 3)."
state:HE,"HE009","state","Wie nennt man die Regierungschefin/den Regierungschef in Hessen?","Wie nennt man die Regierungschefin/den Regierungschef in Hessen?","Erste Ministerin/Erster Minister","Erste Ministerin/Erster Minister","Ministerpräsidentin/Ministerpräsident","Ministerpräsidentin/Ministerpräsident","Premierministerin/Premierminister","Premierministerin/Premierminister","Bürgermeisterin/Bürgermeister","Bürgermeisterin/Bürgermeister","Der Regierungschef Hessens trägt den Titel Ministerpräsident bzw. Ministerpräsidentin.","Der Regierungschef Hessens trägt den Titel Ministerpräsident bzw. Ministerpräsidentin."
state:HE,"HE010","state","Welche Ministerin/welchen Minister hat Hessen nicht?","Welche Ministerin/welchen Minister hat Hessen nicht?","Finanzministerin/Finanzminister","Finanzministerin/Finanzminister","Justizministerin/Justizminister","Justizministerin/Justizminister","Außenministerin/Außenminister","Außenministerin/Außenminister","Innenministerin/Innenminister","Innenministerin/Innenminister","Außenpolitik ist Sache des Bundes; Hessen hat daher keine Außenministerin bzw. keinen Außenminister.","Außenpolitik ist Sache des Bundes; Hessen hat daher keine Außenministerin bzw. keinen Außenminister."
state:MV,"MV001","state","Welches Wappen gehört zum Bundesland Mecklenburg-Vorpommern?","Welches Wappen gehört zum Bundesland Mecklenburg-Vorpommern?","Bild 1","Bild 1","Bild 2","Bild 2","Bild 3","Bild 3","Bild 4","Bild 4","Das Landeswappen Mecklenburg-Vorpommerns zeigt den Stierkopf von Mecklenburg und den Greif von Vorpommern (Bild 3).","Das Landeswappen Mecklenburg-Vorpommerns zeigt den Stierkopf von Mecklenburg und den Greif von Vorpommern (Bild 3)."
state:MV,"MV002","state","Welches ist ein Landkreis in Mecklenburg-Vorpommern?","Welches ist ein Landkreis in Mecklenburg-Vorpommern?","Prignitz","Prignitz","Mecklenburgische Seenplatte","Mecklenburgische Seenplatte","Vogtlandkreis","Vogtlandkreis","Rhein-Sieg-Kreis","Rhein-Sieg-Kreis","Die Mecklenburgische Seenplatte ist der flächenmäßig größte deutsche Landkreis.","Die Mecklenburgische Seenplatte ist der flächenmäßig größte deutsche Landkreis."
state:MV,"MV003","state","Für wie viele Jahre wird der Landtag in Mecklenburg-Vorpommern gewählt?","Für wie viele Jahre wird der Landtag in Mecklenburg-Vorpommern gewählt?","3","3","4","4","5","5","6","6","Die Wahlperiode beträgt fünf Jahre.","Die Wahlperiode beträgt fünf Jahre."
state:MV,"MV004","state","Ab welchem Alter darf man in Mecklenburg-Vorpommern bei Kommunalwahlen wählen?","Ab welchem Alter darf man in Mecklenburg-Vorpommern bei Kommunalwahlen wählen?","14","14","16","16","18","18","20","20","Kommunalwahlrecht ab 16 Jahren.","Kommunalwahlrecht ab 16 Jahren."
state:MV,"MV005","state","Welche Farben hat die Landesflagge von Mecklenburg-Vorpommern?","Welche Farben hat die Landesflagge von Mecklenburg-Vorpommern?","schwarz-rot-gold","schwarz-rot-gold","blau-weiß-gelb-rot","blau-weiß-gelb-rot","grün-weiß-rot","grün-weiß-rot","schwarz-gelb","schwarz-gelb","Die Flagge besteht aus Blau, Weiß, Gelb und Rot.","Die Flagge besteht aus Blau, Weiß, Gelb und Rot."
state:MV,"MV006","state","Wo können Sie sich in Mecklenburg-Vorpommern über politische Themen informieren?","Wo können Sie sich in Mecklenburg-Vorpommern über politische Themen informieren?","bei der Landeszentrale für politische Bildung","bei der Landeszentrale für politische Bildung","bei den Kirchen","bei den Kirchen","beim Ordnungsamt der Gemeinde","beim Ordnungsamt der Gemeinde","bei der Verbraucherzentrale","bei der Verbraucherzentrale","Die Landeszentrale informiert neutral über Politik.","Die Landeszentrale informiert neutral über Politik."
state:MV,"MV007","state","Die Landeshauptstadt von Mecklenburg-Vorpommern heißt …","Die Landeshauptstadt von Mecklenburg-Vorpommern heißt …","Greifswald.","Greifswald.","Schwerin.","Schwerin.","Rostock.","Rostock.","Wismar.","Wismar.","Schwerin ist die Landeshauptstadt.","Schwerin ist die Landeshauptstadt."
state:MV,"MV008","state","Welches Bundesland ist Mecklenburg-Vorpommern?","Welches Bundesland ist Mecklenburg-Vorpommern?","1","1","2","2","3","3","4","4","Auf der Deutschlandkarte ist Mecklenburg-Vorpommern im Nordosten (Nr. 3) markiert.","Auf der Deutschlandkarte ist Mecklenburg-Vorpommern im Nordosten (Nr. 3) markiert."
state:MV,"MV009","state","Wie nennt man die Regierungschefin/den Regierungschef in Mecklenburg-Vorpommern?","Wie nennt man die Regierungschefin/den Regierungschef in Mecklenburg-Vorpommern?","Ministerpräsidentin/Ministerpräsident","Ministerpräsidentin/Ministerpräsident","Premierministerin/Premierminister","Premierministerin/Premierminister","Erste Bürgermeisterin/Erster Bürgermeister","Erste Bürgermeisterin/Erster Bürgermeister","Landespräsidentin/Landespräsident","Landespräsidentin/Landespräsident","Die Regierungschefin oder der Regierungschef eines deutschen Bundeslandes trägt den Titel Ministerpräsident/in.","Die Regierungschefin oder der Regierungschef eines deutschen Bundeslandes trägt den Titel Ministerpräsident/in."
state:MV,"MV010","state","Welche Ministerin/welchen Minister hat Mecklenburg-Vorpommern nicht?","Welche Ministerin/welchen Minister hat Mecklenburg-Vorpommern nicht?","Finanzministerin/Finanzminister","Finanzministerin/Finanzminister","Justizministerin/Justizminister","Justizministerin/Justizminister","Innenministerin/Innenminister","Innenministerin/Innenminister","Außenministerin/Außenminister","Außenministerin/Außenminister","Außenpolitik ist Aufgabe des Bundes, daher hat Mecklenburg-Vorpommern keine Außenministerin bzw. keinen Außenminister.","Außenpolitik ist Aufgabe des Bundes, daher hat Mecklenburg-Vorpommern keine Außenministerin bzw. keinen Außenminister."
state:NI,"NI001","state","Welches Wappen gehört zum Bundesland Niedersachsen?","Welches Wappen gehört zum Bundesland Niedersachsen?","Bild 1","Bild 1","Bild 2","Bild 2","Bild 3","Bild 3","Bild 4","Bild 4","Das Wappen Niedersachsens zeigt ein weißes Pferd auf rotem Grund (Bild 3).","Das Wappen Niedersachsens zeigt ein weißes Pferd auf rotem Grund (Bild 3)."
state:NI,"NI002","state","Welches ist ein Landkreis in Niedersachsen?","Welches ist ein Landkreis in Niedersachsen?","Ammerland","Ammerland","Rhein-Sieg-Kreis","Rhein-Sieg-Kreis","Nordfriesland","Nordfriesland","Vogtlandkreis","Vogtlandkreis","Das Ammerland ist ein Landkreis im Nordwesten Niedersachsens.","Das Ammerland ist ein Landkreis im Nordwesten Niedersachsens."
state:NI,"NI003","state","Für wie viele Jahre wird der Landtag in Niedersachsen gewählt?","Für wie viele Jahre wird der Landtag in Niedersachsen gewählt?","3","3","4","4","5","5","6","6","Die Wahlperiode des Niedersächsischen Landtags beträgt 5 Jahre.","Die Wahlperiode des Niedersächsischen Landtags beträgt 5 Jahre."
state:NI,"NI004","state","Ab welchem Alter darf man in Niedersachsen bei Kommunalwahlen wählen?","Ab welchem Alter darf man in Niedersachsen bei Kommunalwahlen wählen?","14","14","16","16","18","18","20","20","In Niedersachsen dürfen Bürgerinnen und Bürger ab 16 Jahren an Kommunalwahlen teilnehmen.","In Niedersachsen dürfen Bürgerinnen und Bürger ab 16 Jahren an Kommunalwahlen teilnehmen."
state:NI,"NI005","state","Welche Farben hat die Landesflagge von Niedersachsen?","Welche Farben hat die Landesflagge von Niedersachsen?","weiß-blau","weiß-blau","schwarz-rot-gold","schwarz-rot-gold","schwarz-gelb","schwarz-gelb","blau-weiß-rot","blau-weiß-rot","Die Landesflagge von Niedersachsen zeigt die Farben Schwarz-Rot-Gold mit dem Landeswappen.","Die Landesflagge von Niedersachsen zeigt die Farben Schwarz-Rot-Gold mit dem Landeswappen."
state:NI,"NI006","state","Wo können Sie sich in Niedersachsen über politische Themen informieren?","Wo können Sie sich in Niedersachsen über politische Themen informieren?","bei der Landeszentrale für politische Bildung","bei der Landeszentrale für politische Bildung","beim Ordnungsamt der Gemeinde","beim Ordnungsamt der Gemeinde","bei der Verbraucherzentrale","bei der Verbraucherzentrale","bei den Kirchen","bei den Kirchen","Die Landeszentrale für politische Bildung Niedersachsen informiert über Politik und Gesellschaft.","Die Landeszentrale für politische Bildung Niedersachsen informiert über Politik und Gesellschaft."
state:NI,"NI007","state","Die Landeshauptstadt von Niedersachsen heißt …","Die Landeshauptstadt von Niedersachsen heißt …","Hannover.","Hannover.","Braunschweig.","Braunschweig.","Wolfsburg.","Wolfsburg.","Osnabrück.","Osnabrück.","Hannover ist die Landeshauptstadt und Regierungssitz Niedersachsens.","Hannover ist die Landeshauptstadt und Regierungssitz Niedersachsens."
state:NI,"NI008","state","Welches Bundesland ist Niedersachsen?","Welches Bundesland ist Niedersachsen?","1","1","2","2","3","3","4","4","Auf der Deutschlandkarte ist Niedersachsen im Nordwesten (Nr. 1) markiert.","Auf der Deutschlandkarte ist Niedersachsen im Nordwesten (Nr. 1) markiert."
state:NI,"NI009","state","Wie nennt man die Regierungschefin/den Regierungschef in Niedersachsen?","Wie nennt man die Regierungschefin/den Regierungschef in Niedersachsen?","Erste Ministerin/Erster Minister","Erste Ministerin/Erster Minister","Premierministerin/Premierminister","Premierministerin/Premierminister","Bürgermeisterin/Bürgermeister","Bürgermeisterin/Bürgermeister","Ministerpräsidentin/Ministerpräsident","Ministerpräsidentin/Ministerpräsident","Der Regierungschef eines deutschen Bundeslandes heißt Ministerpräsident bzw. Ministerpräsidentin.","Der Regierungschef eines deutschen Bundeslandes heißt Ministerpräsident bzw. Ministerpräsidentin."
state:NI,"NI010","state","Welche Ministerin/welchen Minister hat Niedersachsen nicht?","Welche Ministerin/welchen Minister hat Niedersachsen nicht?","Justizministerin/Justizminister","Justizministerin/Justizminister","Außenministerin/Außenminister","Außenministerin/Außenminister","Finanzministerin/Finanzminister","Finanzministerin/Finanzminister","Innenministerin/Innenminister","Innenministerin/Innenminister","Außenpolitik ist Aufgabe des Bundes, daher hat Niedersachsen keine Außenministerin bzw. keinen Außenminister.","Außenpolitik ist Aufgabe des Bundes, daher hat Niedersachsen keine Außenministerin bzw. keinen Außenminister."
state:NW,"NW001","state","Welches Wappen gehört zum Bundesland Nordrhein-Westfalen?","Welches Wappen gehört zum Bundesland Nordrhein-Westfalen?","Bild 1","Bild 1","Bild 2","Bild 2","Bild 3","Bild 3","Bild 4","Bild 4","Das Landeswappen Nordrhein-Westfalens zeigt den Rhein, das Westfalenross und die Lippische Rose (Bild 2).","Das Landeswappen Nordrhein-Westfalens zeigt den Rhein, das Westfalenross und die Lippische Rose (Bild 2)."
state:NW,"NW002","state","Welches ist ein Landkreis in Nordrhein-Westfalen?","Welches ist ein Landkreis in Nordrhein-Westfalen?","Ammerland","Ammerland","Rhein-Sieg-Kreis","Rhein-Sieg-Kreis","Nordfriesland","Nordfriesland","Vogtlandkreis","Vogtlandkreis","Der Rhein-Sieg-Kreis ist ein Landkreis im Süden Nordrhein-Westfalens.","Der Rhein-Sieg-Kreis ist ein Landkreis im Süden Nordrhein-Westfalens."
state:NW,"NW003","state","Für wie viele Jahre wird der Landtag in Nordrhein-Westfalen gewählt?","Für wie viele Jahre wird der Landtag in Nordrhein-Westfalen gewählt?","3","3","4","4","5","5","6","6","Die Wahlperiode des Landtags in Nordrhein-Westfalen beträgt 5 Jahre.","Die Wahlperiode des Landtags in Nordrhein-Westfalen beträgt 5 Jahre."
state:NW,"NW004","state","Ab welchem Alter darf man in Nordrhein-Westfalen bei Kommunalwahlen wählen?","Ab welchem Alter darf man in Nordrhein-Westfalen bei Kommunalwahlen wählen?","14","14","16","16","18","18","20","20","In Nordrhein-Westfalen dürfen Bürgerinnen und Bürger ab 16 Jahren bei Kommunalwahlen wählen.","In Nordrhein-Westfalen dürfen Bürgerinnen und Bürger ab 16 Jahren bei Kommunalwahlen wählen."
state:NW,"NW005","state","Welche Farben hat die Landesflagge von Nordrhein-Westfalen?","Welche Farben hat die Landesflagge von Nordrhein-Westfalen?","rot-weiß","rot-weiß","grün-weiß-rot","grün-weiß-rot","schwarz-gold","schwarz-gold","blau-weiß-rot","blau-weiß-rot","Die Landesflagge Nordrhein-Westfalens hat die Farben Grün, Weiß und Rot.","Die Landesflagge Nordrhein-Westfalens hat die Farben Grün, Weiß und Rot."
state:NW,"NW006","state","Wo können Sie sich in Nordrhein-Westfalen über politische Themen informieren?","Wo können Sie sich in Nordrhein-Westfalen über politische Themen informieren?","bei den Kirchen","bei den Kirchen","beim Ordnungsamt der Gemeinde","beim Ordnungsamt der Gemeinde","bei der Verbraucherzentrale","bei der Verbraucherzentrale","bei der Landeszentrale für politische Bildung","bei der Landeszentrale für politische Bildung","Die Landeszentrale für politische Bildung Nordrhein-Westfalen bietet Informationen zu Politik und Gesellschaft.","Die Landeszentrale für politische Bildung Nordrhein-Westfalen bietet Informationen zu Politik und Gesellschaft."
state:NW,"NW007","state","Die Landeshauptstadt von Nordrhein-Westfalen heißt …","Die Landeshauptstadt von Nordrhein-Westfalen heißt …","Köln.","Köln.","Bonn.","Bonn.","Düsseldorf.","Düsseldorf.","Dortmund.","Dortmund.","Düsseldorf ist die Landeshauptstadt und Regierungssitz des Bundeslandes Nordrhein-Westfalen.","Düsseldorf ist die Landeshauptstadt und Regierungssitz des Bundeslandes Nordrhein-Westfalen."
state:NW,"NW008","state","Welches Bundesland ist Nordrhein-Westfalen?","Welches Bundesland ist Nordrhein-Westfalen?","1","1","2","2","3","3","4","4","Auf der Deutschlandkarte ist Nordrhein-Westfalen im Westen (Nr. 3) markiert.","Auf der Deutschlandkarte ist Nordrhein-Westfalen im Westen (Nr. 3) markiert."
state:NW,"NW009","state","Wie nennt man die Regierungschefin/den Regierungschef in Nordrhein-Westfalen?","Wie nennt man die Regierungschefin/den Regierungschef in Nordrhein-Westfalen?","Erste Ministerin/Erster Minister","Erste Ministerin/Erster Minister","Premierministerin/Premierminister","Premierministerin/Premierminister","Bürgermeisterin/Bürgermeister","Bürgermeisterin/Bürgermeister","Ministerpräsidentin/Ministerpräsident","Ministerpräsidentin/Ministerpräsident","Der Regierungschef eines Bundeslandes heißt Ministerpräsident bzw. Ministerpräsidentin.","Der Regierungschef eines Bundeslandes heißt Ministerpräsident bzw. Ministerpräsidentin."
state:NW,"NW010","state","Welche Ministerin/welchen Minister hat Nordrhein-Westfalen nicht?","Welche Ministerin/welchen Minister hat Nordrhein-Westfalen nicht?","Justizministerin/Justizminister","Justizministerin/Justizminister","Außenministerin/Außenminister","Außenministerin/Außenminister","Finanzministerin/Finanzminister","Finanzministerin/Finanzminister","Innenministerin/Innenminister","Innenministerin/Innenminister","Außenpolitik ist Aufgabe des Bundes; Nordrhein-Westfalen hat keine Außenministerin bzw. keinen Außenminister.","Außenpolitik ist Aufgabe des Bundes; Nordrhein-Westfalen hat keine Außenministerin bzw. keinen Außenminister."
state:RP,"RP001","state","Welches Wappen gehört zum Bundesland Rheinland-Pfalz?","Welches Wappen gehört zum Bundesland Rheinland-Pfalz?","Bild 1","Bild 1","Bild 2","Bild 2","Bild 3","Bild 3","Bild 4","Bild 4","Das Wappen Rheinland-Pfalz zeigt das Mainzer Rad, das Trierer Kreuz und den Pfälzer Löwen (Bild 1).","Das Wappen Rheinland-Pfalz zeigt das Mainzer Rad, das Trierer Kreuz und den Pfälzer Löwen (Bild 1)."
state:RP,"RP002","state","Welches ist ein Landkreis in Rheinland-Pfalz?","Welches ist ein Landkreis in Rheinland-Pfalz?","Westerwaldkreis","Westerwaldkreis","Altötting","Altötting","Emsland","Emsland","Prignitz","Prignitz","Der Westerwaldkreis liegt im Nordosten von Rheinland-Pfalz.","Der Westerwaldkreis liegt im Nordosten von Rheinland-Pfalz."
state:RP,"RP003","state","Für wie viele Jahre wird der Landtag in Rheinland-Pfalz gewählt?","Für wie viele Jahre wird der Landtag in Rheinland-Pfalz gewählt?","3","3","4","4","5","5","6","6","Die Wahlperiode des Landtags von Rheinland-Pfalz beträgt 5 Jahre.","Die Wahlperiode des Landtags von Rheinland-Pfalz beträgt 5 Jahre."
state:RP,"RP004","state","Ab welchem Alter darf man in Rheinland-Pfalz bei Kommunalwahlen wählen?","Ab welchem Alter darf man in Rheinland-Pfalz bei Kommunalwahlen wählen?","14","14","16","16","18","18","20","20","In Rheinland-Pfalz dürfen Bürgerinnen und Bürger ab 16 Jahren an Kommunalwahlen teilnehmen.","In Rheinland-Pfalz dürfen Bürgerinnen und Bürger ab 16 Jahren an Kommunalwahlen teilnehmen."
state:RP,"RP005","state","Welche Farben hat die Landesflagge von Rheinland-Pfalz?","Welche Farben hat die Landesflagge von Rheinland-Pfalz?","weiß-rot","weiß-rot","schwarz-rot-gold","schwarz-rot-gold","schwarz-gelb","schwarz-gelb","grün-weiß-rot","grün-weiß-rot","Die Landesflagge Rheinland-Pfalz zeigt die Farben Schwarz-Rot-Gold mit dem Landeswappen.","Die Landesflagge Rheinland-Pfalz zeigt die Farben Schwarz-Rot-Gold mit dem Landeswappen."
state:RP,"RP006","state","Wo können Sie sich in Rheinland-Pfalz über politische Themen informieren?","Wo können Sie sich in Rheinland-Pfalz über politische Themen informieren?","bei den Kirchen","bei den Kirchen","bei der Verbraucherzentrale","bei der Verbraucherzentrale","beim Ordnungsamt der Gemeinde","beim Ordnungsamt der Gemeinde","bei der Landeszentrale für politische Bildung","bei der Landeszentrale für politische Bildung","Die Landeszentrale für politische Bildung Rheinland-Pfalz bietet Informationen über Politik und Geschichte.","Die Landeszentrale für politische Bildung Rheinland-Pfalz bietet Informationen über Politik und Geschichte."
state:RP,"RP007","state","Die Landeshauptstadt von Rheinland-Pfalz heißt …","Die Landeshauptstadt von Rheinland-Pfalz heißt …","Mainz.","Mainz.","Kaiserslautern.","Kaiserslautern.","Ludwigshafen.","Ludwigshafen.","Koblenz.","Koblenz.","Mainz ist die Landeshauptstadt und Regierungssitz von Rheinland-Pfalz.","Mainz ist die Landeshauptstadt und Regierungssitz von Rheinland-Pfalz."
state:RP,"RP008","state","Welches Bundesland ist Rheinland-Pfalz?","Welches Bundesland ist Rheinland-Pfalz?","1","1","2","2","3","3","4","4","Auf der Deutschlandkarte ist Rheinland-Pfalz im Westen (Nr. 1) markiert.","Auf der Deutschlandkarte ist Rheinland-Pfalz im Westen (Nr. 1) markiert."
state:RP,"RP009","state","Wie nennt man die Regierungschefin/den Regierungschef in Rheinland-Pfalz?","Wie nennt man die Regierungschefin/den Regierungschef in Rheinland-Pfalz?","Erste Ministerin/Erster Minister","Erste Ministerin/Erster Minister","Premierministerin/Premierminister","Premierministerin/Premierminister","Bürgermeisterin/Bürgermeister","Bürgermeisterin/Bürgermeister","Ministerpräsidentin/Ministerpräsident","Ministerpräsidentin/Ministerpräsident","Der Regierungschef eines deutschen Bundeslandes heißt Ministerpräsident bzw. Ministerpräsidentin.","Der Regierungschef eines deutschen Bundeslandes heißt Ministerpräsident bzw. Ministerpräsidentin."
state:RP,"RP010","state","Welche Ministerin/welchen Minister hat Rheinland-Pfalz nicht?","Welche Ministerin/welchen Minister hat Rheinland-Pfalz nicht?","Justizministerin/Justizminister","Justizministerin/Justizminister","Außenministerin/Außenminister","Außenministerin/Außenminister","Finanzministerin/Finanzminister","Finanzministerin/Finanzminister","Innenministerin/Innenminister","Innenministerin/Innenminister","Außenpolitik ist Aufgabe des Bundes; Rheinland-Pfalz hat keine Außenministerin bzw. keinen Außenminister.","Außenpolitik ist Aufgabe des Bundes; Rheinland-Pfalz hat keine Außenministerin bzw. keinen Außenminister."
state:SL,"SL001","state","Welches Wappen gehört zum Bundesland Saarland?","Welches Wappen gehört zum Bundesland Saarland?","Bild 1","Bild 1","Bild 2","Bild 2","Bild 3","Bild 3","Bild 4","Bild 4","Das Wappen des Saarlands vereint Symbole der Regionen Nassau, Lothringen, Pfalz-Zweibrücken und Saarbrücken (Bild 4).","Das Wappen des Saarlands vereint Symbole der Regionen Nassau, Lothringen, Pfalz-Zweibrücken und Saarbrücken (Bild 4)."
state:SL,"SL002","state","Welches ist ein Landkreis im Saarland?","Welches ist ein Landkreis im Saarland?","Mecklenburgische Seenplatte","Mecklenburgische Seenplatte","Altötting","Altötting","Neunkirchen","Neunkirchen","Rhein-Sieg-Kreis","Rhein-Sieg-Kreis","Der Landkreis Neunkirchen liegt im Saarland.","Der Landkreis Neunkirchen liegt im Saarland."
state:SL,"SL003","state","Für wie viele Jahre wird der Landtag des Saarlandes gewählt?","Für wie viele Jahre wird der Landtag des Saarlandes gewählt?","3","3","4","4","5","5","6","6","Die Wahlperiode des Landtags im Saarland beträgt 5 Jahre.","Die Wahlperiode des Landtags im Saarland beträgt 5 Jahre."
state:SL,"SL004","state","Ab welchem Alter darf man im Saarland bei Kommunalwahlen wählen?","Ab welchem Alter darf man im Saarland bei Kommunalwahlen wählen?","14","14","16","16","18","18","20","20","In Saarland dürfen Bürgerinnen und Bürger ab 16 Jahren an Kommunalwahlen teilnehmen.","In Saarland dürfen Bürgerinnen und Bürger ab 16 Jahren an Kommunalwahlen teilnehmen."
state:SL,"SL005","state","Welche Farben hat die Landesflagge des Saarlandes?","Welche Farben hat die Landesflagge des Saarlandes?","weiß-blau","weiß-blau","schwarz-rot-gold","schwarz-rot-gold","schwarz-gelb","schwarz-gelb","grün-weiß-rot","grün-weiß-rot","Die Landesflagge des Saarlandes zeigt die Farben Schwarz-Rot-Gold mit dem Landeswappen.","Die Landesflagge des Saarlandes zeigt die Farben Schwarz-Rot-Gold mit dem Landeswappen."
state:SL,"SL006","state","Wo können Sie sich im Saarland über politische Themen informieren?","Wo können Sie sich im Saarland über politische Themen informieren?","bei den Kirchen","bei den Kirchen","bei der Landeszentrale für politische Bildung","bei der Landeszentrale für politische Bildung","bei der Verbraucherzentrale","bei der Verbraucherzentrale","beim Ordnungsamt der Gemeinde","beim Ordnungsamt der Gemeinde","Die Landeszentrale für politische Bildung Saarland bietet Informationen über Politik, Geschichte und Demokratie an.","Die Landeszentrale für politische Bildung Saarland bietet Informationen über Politik, Geschichte und Demokratie an."
state:SL,"SL007","state","Die Landeshauptstadt des Saarlandes heißt …","Die Landeshauptstadt des Saarlandes heißt …","Neunkirchen.","Neunkirchen.","Homburg.","Homburg.","Saarbrücken.","Saarbrücken.","Völklingen.","Völklingen.","Saarbrücken ist die Landeshauptstadt und Regierungssitz des Saarlandes.","Saarbrücken ist die Landeshauptstadt und Regierungssitz des Saarlandes."
state:SL,"SL008","state","Welches Bundesland ist das Saarland?","Welches Bundesland ist das Saarland?","1","1","2","2","3","3","4","4","Auf der Deutschlandkarte ist das Saarland im Südwesten (Nr. 2) markiert.","Auf der Deutschlandkarte ist das Saarland im Südwesten (Nr. 2) markiert."
state:SL,"SL009","state","Wie nennt man die Regierungschefin/den Regierungschef des Saarlandes?","Wie nennt man die Regierungschefin/den Regierungschef des Saarlandes?","Erste Ministerin/Erster Minister","Erste Ministerin/Erster Minister","Premierministerin/Premierminister","Premierministerin/Premierminister","Bürgermeisterin/Bürgermeister","Bürgermeisterin/Bürgermeister","Ministerpräsidentin/Ministerpräsident","Ministerpräsidentin/Ministerpräsident","Der Regierungschef eines deutschen Bundeslandes heißt Ministerpräsident bzw. Ministerpräsidentin.","Der Regierungschef eines deutschen Bundeslandes heißt Ministerpräsident bzw. Ministerpräsidentin."
state:SL,"SL010","state","Welche Ministerin/welchen Minister hat das Saarland nicht?","Welche Ministerin/welchen Minister hat das Saarland nicht?","Justizministerin/Justizminister","Justizministerin/Justizminister","Außenministerin/Außenminister","Außenministerin/Außenminister","Finanzministerin/Finanzminister","Finanzministerin/Finanzminister","Innenministerin/Innenminister","Innenministerin/Innenminister","Außenpolitik ist Aufgabe des Bundes; das Saarland hat keine Außenministerin bzw. keinen Außenminister.","Außenpolitik ist Aufgabe des Bundes; das Saarland hat keine Außenministerin bzw. keinen Außenminister."
state:SN,"SN001","state","Welches Wappen gehört zum Freistaat Sachsen?","Welches Wappen gehört zum Freistaat Sachsen?","Bild 1","Bild 1","Bild 2","Bild 2","Bild 3","Bild 3","Bild 4","Bild 4","Das Wappen Sachsens zeigt einen schwarz-gold gestreiften Schild mit grünem Rautenkranz (Bild 4).","Das Wappen Sachsens zeigt einen schwarz-gold gestreiften Schild mit grünem Rautenkranz (Bild 4)."
state:SN,"SN002","state","Welches ist ein Landkreis in Sachsen?","Welches ist ein Landkreis in Sachsen?","Vogtlandkreis","Vogtlandkreis","Altötting","Altötting","Uckermark","Uckermark","Nordfriesland","Nordfriesland","Der Vogtlandkreis liegt im Südwesten des Freistaats Sachsen.","Der Vogtlandkreis liegt im Südwesten des Freistaats Sachsen."
state:SN,"SN003","state","Für wie viele Jahre wird der Landtag in Sachsen gewählt?","Für wie viele Jahre wird der Landtag in Sachsen gewählt?","3","3","4","4","5","5","6","6","Die Wahlperiode des Sächsischen Landtags beträgt 5 Jahre.","Die Wahlperiode des Sächsischen Landtags beträgt 5 Jahre."
state:SN,"SN004","state","Ab welchem Alter darf man in Sachsen bei Kommunalwahlen wählen?","Ab welchem Alter darf man in Sachsen bei Kommunalwahlen wählen?","14","14","16","16","18","18","20","20","In Sachsen dürfen Bürgerinnen und Bürger ab 16 Jahren an Kommunalwahlen teilnehmen.","In Sachsen dürfen Bürgerinnen und Bürger ab 16 Jahren an Kommunalwahlen teilnehmen."
state:SN,"SN005","state","Welche Farben hat die Landesflagge von Sachsen?","Welche Farben hat die Landesflagge von Sachsen?","blau-weiß-rot","blau-weiß-rot","weiß-grün","weiß-grün","grün-weiß-rot","grün-weiß-rot","schwarz-gelb","schwarz-gelb","Die Landesflagge Sachsens hat die Farben Weiß und Grün.","Die Landesflagge Sachsens hat die Farben Weiß und Grün."
state:SN,"SN006","state","Wo können Sie sich in Sachsen über politische Themen informieren?","Wo können Sie sich in Sachsen über politische Themen informieren?","bei der Landeszentrale für politische Bildung","bei der Landeszentrale für politische Bildung","beim Ordnungsamt der Gemeinde","beim Ordnungsamt der Gemeinde","bei den Kirchen","bei den Kirchen","bei der Verbraucherzentrale","bei der Verbraucherzentrale","Die Landeszentrale für politische Bildung Sachsen bietet Informationen über Politik und Gesellschaft.","Die Landeszentrale für politische Bildung Sachsen bietet Informationen über Politik und Gesellschaft."
state:SN,"SN007","state","Die Landeshauptstadt von Sachsen heißt …","Die Landeshauptstadt von Sachsen heißt …","Leipzig.","Leipzig.","Dresden.","Dresden.","Chemnitz.","Chemnitz.","Zwickau.","Zwickau.","Dresden ist die Landeshauptstadt des Freistaats Sachsen.","Dresden ist die Landeshauptstadt des Freistaats Sachsen."
state:SN,"SN008","state","Welches Bundesland ist Sachsen?","Welches Bundesland ist Sachsen?","1","1","2","2","3","3","4","4","Auf der Deutschlandkarte ist Sachsen im Osten (Nr. 4) markiert.","Auf der Deutschlandkarte ist Sachsen im Osten (Nr. 4) markiert."
state:SN,"SN009","state","Wie nennt man die Regierungschefin/den Regierungschef in Sachsen?","Wie nennt man die Regierungschefin/den Regierungschef in Sachsen?","Erste Ministerin/Erster Minister","Erste Ministerin/Erster Minister","Premierministerin/Premierminister","Premierministerin/Premierminister","Bürgermeisterin/Bürgermeister","Bürgermeisterin/Bürgermeister","Ministerpräsidentin/Ministerpräsident","Ministerpräsidentin/Ministerpräsident","Der Regierungschef eines Bundeslandes heißt Ministerpräsident bzw. Ministerpräsidentin.","Der Regierungschef eines Bundeslandes heißt Ministerpräsident bzw. Ministerpräsidentin."
state:SN,"SN010","state","Welche Ministerin/welchen Minister hat Sachsen nicht?","Welche Ministerin/welchen Minister hat Sachsen nicht?","Justizministerin/Justizminister","Justizministerin/Justizminister","Außenministerin/Außenminister","Außenministerin/Außenminister","Finanzministerin/Finanzminister","Finanzministerin/Finanzminister","Innenministerin/Innenminister","Innenministerin/Innenminister","Außenpolitik ist Aufgabe des Bundes; Sachsen hat keine Außenministerin bzw. keinen Außenminister.","Außenpolitik ist Aufgabe des Bundes; Sachsen hat keine Außenministerin bzw. keinen Außenminister."
state:ST,"ST001","state","Welches Wappen gehört zum Bundesland Sachsen-Anhalt?","Welches Wappen gehört zum Bundesland Sachsen-Anhalt?","Bild 1","Bild 1","Bild 2","Bild 2","Bild 3","Bild 3","Bild 4","Bild 4","Das Wappen von Sachsen-Anhalt zeigt einen geteilten Schild mit dem preußischen Adler und dem sächsischen Rautenkranz und unten einen schreitenden Bären auf roter Zinnenmauer (Bild 4).","Das Wappen von Sachsen-Anhalt zeigt einen geteilten Schild mit dem preußischen Adler und dem sächsischen Rautenkranz und unten einen schreitenden Bären auf roter Zinnenmauer (Bild 4)."
state:ST,"ST002","state","Welches ist ein Landkreis in Sachsen-Anhalt?","Welches ist ein Landkreis in Sachsen-Anhalt?","Ammerland","Ammerland","Altötting","Altötting","Uckermark","Uckermark","Börde","Börde","Der Landkreis Börde liegt im Westen Sachsen-Anhalts.","Der Landkreis Börde liegt im Westen Sachsen-Anhalts."
state:ST,"ST003","state","Für wie viele Jahre wird der Landtag in Sachsen-Anhalt gewählt?","Für wie viele Jahre wird der Landtag in Sachsen-Anhalt gewählt?","3","3","4","4","5","5","6","6","Die Wahlperiode des Landtags von Sachsen-Anhalt beträgt 5 Jahre.","Die Wahlperiode des Landtags von Sachsen-Anhalt beträgt 5 Jahre."
state:ST,"ST004","state","Ab welchem Alter darf man in Sachsen-Anhalt bei Kommunalwahlen wählen?","Ab welchem Alter darf man in Sachsen-Anhalt bei Kommunalwahlen wählen?","14","14","16","16","18","18","20","20","In Sachsen-Anhalt dürfen Bürgerinnen und Bürger ab 16 Jahren an Kommunalwahlen teilnehmen.","In Sachsen-Anhalt dürfen Bürgerinnen und Bürger ab 16 Jahren an Kommunalwahlen teilnehmen."
state:ST,"ST005","state","Welche Farben hat die Landesflagge von Sachsen-Anhalt?","Welche Farben hat die Landesflagge von Sachsen-Anhalt?","blau-weiß-rot","blau-weiß-rot","gelb-schwarz","gelb-schwarz","grün-weiß-rot","grün-weiß-rot","weiß-rot","weiß-rot","Die Landesfarben Sachsen-Anhalts sind Gelb-Schwarz.","Die Landesfarben Sachsen-Anhalts sind Gelb-Schwarz."
state:ST,"ST006","state","Wo können Sie sich in Sachsen-Anhalt über politische Themen informieren?","Wo können Sie sich in Sachsen-Anhalt über politische Themen informieren?","bei den Kirchen","bei den Kirchen","bei der Landeszentrale für politische Bildung","bei der Landeszentrale für politische Bildung","beim Ordnungsamt der Gemeinde","beim Ordnungsamt der Gemeinde","bei der Verbraucherzentrale","bei der Verbraucherzentrale","Die Landeszentrale für politische Bildung Sachsen-Anhalt bietet Informationen über Politik, Geschichte und Gesellschaft.","Die Landeszentrale für politische Bildung Sachsen-Anhalt bietet Informationen über Politik, Geschichte und Gesellschaft."
state:ST,"ST007","state","Die Landeshauptstadt von Sachsen-Anhalt heißt …","Die Landeshauptstadt von Sachsen-Anhalt heißt …","Halle.","Halle.","Dessau.","Dessau.","Magdeburg.","Magdeburg.","Wittenberg.","Wittenberg.","Magdeburg ist die Landeshauptstadt und Regierungssitz von Sachsen-Anhalt.","Magdeburg ist die Landeshauptstadt und Regierungssitz von Sachsen-Anhalt."
state:ST,"ST008","state","Welches Bundesland ist Sachsen-Anhalt?","Welches Bundesland ist Sachsen-Anhalt?","1","1","2","2","3","3","4","4","Auf der Deutschlandkarte ist Sachsen-Anhalt in der Mitte-Ost-Region (Nr. 3) markiert.","Auf der Deutschlandkarte ist Sachsen-Anhalt in der Mitte-Ost-Region (Nr. 3) markiert."
state:ST,"ST009","state","Wie nennt man die Regierungschefin/den Regierungschef in Sachsen-Anhalt?","Wie nennt man die Regierungschefin/den Regierungschef in Sachsen-Anhalt?","Erste Ministerin/Erster Minister","Erste Ministerin/Erster Minister","Premierministerin/Premierminister","Premierministerin/Premierminister","Bürgermeisterin/Bürgermeister","Bürgermeisterin/Bürgermeister","Ministerpräsidentin/Ministerpräsident","Ministerpräsidentin/Ministerpräsident","Der Regierungschef eines deutschen Bundeslandes heißt Ministerpräsident bzw. Ministerpräsidentin.","Der Regierungschef eines deutschen Bundeslandes heißt Ministerpräsident bzw. Ministerpräsidentin."
state:ST,"ST010","state","Welche Ministerin/welchen Minister hat Sachsen-Anhalt nicht?","Welche Ministerin/welchen Minister hat Sachsen-Anhalt nicht?","Justizministerin/Justizminister","Justizministerin/Justizminister","Außenministerin/Außenminister","Außenministerin/Außenminister","Finanzministerin/Finanzminister","Finanzministerin/Finanzminister","Innenministerin/Innenminister","Innenministerin/Innenminister","Außenpolitik ist Aufgabe des Bundes; Sachsen-Anhalt hat keine Außenministerin bzw. keinen Außenminister.","Außenpolitik ist Aufgabe des Bundes; Sachsen-Anhalt hat keine Außenministerin bzw. keinen Außenminister."
state:SH,"SH001","state","Welches Wappen gehört zum Bundesland Schleswig-Holstein?","Welches Wappen gehört zum Bundesland Schleswig-Holstein?","Bild 1","Bild 1","Bild 2","Bild 2","Bild 3","Bild 3","Bild 4","Bild 4","Das Wappen von Schleswig-Holstein zeigt die Holsteiner Nesselblattfigur und den Schleswiger Löwen (Bild 3).","Das Wappen von Schleswig-Holstein zeigt die Holsteiner Nesselblattfigur und den Schleswiger Löwen (Bild 3)."
state:SH,"SH002","state","Welches ist ein Landkreis in Schleswig-Holstein?","Welches ist ein Landkreis in Schleswig-Holstein?","Ammerland","Ammerland","Mecklenburgische Seenplatte","Mecklenburgische Seenplatte","Nordfriesland","Nordfriesland","Rhein-Sieg-Kreis","Rhein-Sieg-Kreis","Der Landkreis Nordfriesland liegt im Nordwesten Schleswig-Holsteins an der Nordsee.","Der Landkreis Nordfriesland liegt im Nordwesten Schleswig-Holsteins an der Nordsee."
state:SH,"SH003","state","Für wie viele Jahre wird der Landtag in Schleswig-Holstein gewählt?","Für wie viele Jahre wird der Landtag in Schleswig-Holstein gewählt?","3","3","4","4","5","5","6","6","Die Wahlperiode des Landtags von Schleswig-Holstein beträgt 5 Jahre.","Die Wahlperiode des Landtags von Schleswig-Holstein beträgt 5 Jahre."
state:SH,"SH004","state","Ab welchem Alter darf man in Schleswig-Holstein bei Kommunalwahlen wählen?","Ab welchem Alter darf man in Schleswig-Holstein bei Kommunalwahlen wählen?","14","14","16","16","18","18","20","20","In Schleswig-Holstein dürfen Bürgerinnen und Bürger ab 16 Jahren an Kommunalwahlen teilnehmen.","In Schleswig-Holstein dürfen Bürgerinnen und Bürger ab 16 Jahren an Kommunalwahlen teilnehmen."
state:SH,"SH005","state","Welche Farben hat die Landesflagge von Schleswig-Holstein?","Welche Farben hat die Landesflagge von Schleswig-Holstein?","weiß-blau","weiß-blau","blau-weiß-rot","blau-weiß-rot","weiß-rot","weiß-rot","grün-weiß-rot","grün-weiß-rot","Die Landesflagge von Schleswig-Holstein hat die Farben Blau-Weiß-Rot.","Die Landesflagge von Schleswig-Holstein hat die Farben Blau-Weiß-Rot."
state:SH,"SH006","state","Wo können Sie sich in Schleswig-Holstein über politische Themen informieren?","Wo können Sie sich in Schleswig-Holstein über politische Themen informieren?","bei der Verbraucherzentrale","bei der Verbraucherzentrale","beim Ordnungsamt der Gemeinde","beim Ordnungsamt der Gemeinde","beim / bei der Landesbeauftragten für politische Bildung","beim / bei der Landesbeauftragten für politische Bildung","bei den Kirchen","bei den Kirchen","Die oder der Landesbeauftragte für politische Bildung Schleswig-Holstein bietet Informationen über Politik und Gesellschaft.","Die oder der Landesbeauftragte für politische Bildung Schleswig-Holstein bietet Informationen über Politik und Gesellschaft."
state:SH,"SH007","state","Die Landeshauptstadt von Schleswig-Holstein heißt …","Die Landeshauptstadt von Schleswig-Holstein heißt …","Husum.","Husum.","Flensburg.","Flensburg.","Lübeck.","Lübeck.","Kiel.","Kiel.","Kiel ist die Landeshauptstadt und Regierungssitz von Schleswig-Holstein.","Kiel ist die Landeshauptstadt und Regierungssitz von Schleswig-Holstein."
state:SH,"SH008","state","Welches Bundesland ist Schleswig-Holstein?","Welches Bundesland ist Schleswig-Holstein?","1","1","2","2","3","3","4","4","Auf der Deutschlandkarte ist Schleswig-Holstein im Norden (Nr. 1) markiert.","Auf der Deutschlandkarte ist Schleswig-Holstein im Norden (Nr. 1) markiert."
state:SH,"SH009","state","Wie nennt man die Regierungschefin/den Regierungschef in Schleswig-Holstein?","Wie nennt man die Regierungschefin/den Regierungschef in Schleswig-Holstein?","Erste Ministerin/Erster Minister","Erste Ministerin/Erster Minister","Premierministerin/Premierminister","Premierministerin/Premierminister","Bürgermeisterin/Bürgermeister","Bürgermeisterin/Bürgermeister","Ministerpräsidentin/Ministerpräsident","Ministerpräsidentin/Ministerpräsident","Der Regierungschef eines deutschen Bundeslandes heißt Ministerpräsident bzw. Ministerpräsidentin.","Der Regierungschef eines deutschen Bundeslandes heißt Ministerpräsident bzw. Ministerpräsidentin."
state:SH,"SH010","state","Welche Ministerin/welchen Minister hat Schleswig-Holstein nicht?","Welche Ministerin/welchen Minister hat Schleswig-Holstein nicht?","Justizministerin/Justizminister","Justizministerin/Justizminister","Außenministerin/Außenminister","Außenministerin/Außenminister","Finanzministerin/Finanzminister","Finanzministerin/Finanzminister","Innenministerin/Innenminister","Innenministerin/Innenminister","Außenpolitik ist Aufgabe des Bundes; Schleswig-Holstein hat keine Außenministerin bzw. keinen Außenminister.","Außenpolitik ist Aufgabe des Bundes; Schleswig-Holstein hat keine Außenministerin bzw. keinen Außenminister."
state:TH,"TH001","state","Welches Wappen gehört zum Freistaat Thüringen?","Welches Wappen gehört zum Freistaat Thüringen?","Bild 1","Bild 1","Bild 2","Bild 2","Bild 3","Bild 3","Bild 4","Bild 4","Das Wappen Thüringens zeigt den achtstrahligen Sternenkranz und den Löwen auf blauem Grund (Bild 4).","Das Wappen Thüringens zeigt den achtstrahligen Sternenkranz und den Löwen auf blauem Grund (Bild 4)."
state:TH,"TH002","state","Welches ist ein Landkreis in Thüringen?","Welches ist ein Landkreis in Thüringen?","Ammerland","Ammerland","Altötting","Altötting","Nordfriesland","Nordfriesland","Wartburgkreis","Wartburgkreis","Der Wartburgkreis ist ein Landkreis im Westen Thüringens.","Der Wartburgkreis ist ein Landkreis im Westen Thüringens."
state:TH,"TH003","state","Für wie viele Jahre wird der Landtag in Thüringen gewählt?","Für wie viele Jahre wird der Landtag in Thüringen gewählt?","3","3","4","4","5","5","6","6","Die Wahlperiode des Thüringer Landtags beträgt 5 Jahre.","Die Wahlperiode des Thüringer Landtags beträgt 5 Jahre."
state:TH,"TH004","state","Ab welchem Alter darf man in Thüringen bei Kommunalwahlen wählen?","Ab welchem Alter darf man in Thüringen bei Kommunalwahlen wählen?","14","14","16","16","18","18","20","20","In Thüringen dürfen Bürgerinnen und Bürger ab 16 Jahren an Kommunalwahlen teilnehmen.","In Thüringen dürfen Bürgerinnen und Bürger ab 16 Jahren an Kommunalwahlen teilnehmen."
state:TH,"TH005","state","Welche Farben hat die Landesflagge von Thüringen?","Welche Farben hat die Landesflagge von Thüringen?","blau-weiß-rot","blau-weiß-rot","weiß-rot","weiß-rot","grün-weiß-rot","grün-weiß-rot","schwarz-gold","schwarz-gold","Die Landesflagge Thüringens hat die Farben Weiß und Rot.","Die Landesflagge Thüringens hat die Farben Weiß und Rot."
state:TH,"TH006","state","Wo können Sie sich in Thüringen über politische Themen informieren?","Wo können Sie sich in Thüringen über politische Themen informieren?","bei den Kirchen","bei den Kirchen","bei der Verbraucherzentrale","bei der Verbraucherzentrale","bei der Landeszentrale für politische Bildung","bei der Landeszentrale für politische Bildung","beim Ordnungsamt der Gemeinde","beim Ordnungsamt der Gemeinde","Die Landeszentrale für politische Bildung Thüringen informiert über Demokratie, Geschichte und Politik.","Die Landeszentrale für politische Bildung Thüringen informiert über Demokratie, Geschichte und Politik."
state:TH,"TH007","state","Die Landeshauptstadt von Thüringen heißt …","Die Landeshauptstadt von Thüringen heißt …","Eisenach.","Eisenach.","Erfurt.","Erfurt.","Gera.","Gera.","Jena.","Jena.","Erfurt ist die Landeshauptstadt und Regierungssitz des Freistaats Thüringen.","Erfurt ist die Landeshauptstadt und Regierungssitz des Freistaats Thüringen."
state:TH,"TH008","state","Welches Bundesland ist Thüringen?","Welches Bundesland ist Thüringen?","1","1","2","2","3","3","4","4","Auf der Deutschlandkarte ist Thüringen zentral im Osten (Nr. 2) markiert.","Auf der Deutschlandkarte ist Thüringen zentral im Osten (Nr. 2) markiert."
state:TH,"TH009","state","Wie nennt man die Regierungschefin/den Regierungschef in Thüringen?","Wie nennt man die Regierungschefin/den Regierungschef in Thüringen?","Erste Ministerin/Erster Minister","Erste Ministerin/Erster Minister","Premierministerin/Premierminister","Premierministerin/Premierminister","Bürgermeisterin/Bürgermeister","Bürgermeisterin/Bürgermeister","Ministerpräsidentin/Ministerpräsident","Ministerpräsidentin/Ministerpräsident","Der Regierungschef eines Bundeslandes heißt Ministerpräsident bzw. Ministerpräsidentin.","Der Regierungschef eines Bundeslandes heißt Ministerpräsident bzw. Ministerpräsidentin."
state:TH,"TH010","state","Welche Ministerin/welchen Minister hat Thüringen nicht?","Welche Ministerin/welchen Minister hat Thüringen nicht?","Justizministerin/Justizminister","Justizministerin/Justizminister","Außenministerin/Außenminister","Außenministerin/Außenminister","Finanzministerin/Finanzminister","Finanzministerin/Finanzminister","Innenministerin/Innenminister","Innenministerin/Innenminister","Außenpolitik ist Aufgabe des Bundes; Thüringen hat keine Außenministerin bzw. keinen Außenminister.","Außenpolitik ist Aufgabe des Bundes; Thüringen hat keine Außenministerin bzw. keinen Außenminister."
